,321100,321200,321910,3219A0,327100,327200,327310,327320,327330,327390,327400,327910,327991,327992,327993,327999,331110,331200,331313,33131B,331410,331420,331490,331510,331520,332114,33211A,332119,332200,332310,332320,332410,332420,332430,332500,332600,332710,332720,332800,332913,33291A,332991,332996,33299A,332999,333111,333112,333120,333130,333242,33329A,333314,333316,333318,333414,333415,333413,333511,333514,333517,33351B,333611,333612,333613,333618,333912,333914,333920,333991,333993,333994,33399A,33399B,334111,334112,334118,334210,334220,334290,334413,334418,33441A,334510,334511,334512,334513,334514,334515,334516,334517,33451A,334300,334610,335110,335120,335210,335220,335311,335312,335313,335314,335911,335912,335920,335930,335991,335999,336111,336112,336120,336211,336212,336213,336214,336310,336320,336350,336360,336370,336390,3363A0,336411,336412,336413,336414,33641A,336500,336611,336612,336991,336992,336999,337110,337121,337122,337127,33712N,337215,33721A,337900,339112,339113,339114,339115,339116,339910,339920,339930,339940,339950,339990,311111,311119,311210,311221,311225,311224,311230,311300,311410,311420,311513,311514,31151A,311520,311615,31161A,311700,311810,3118A0,311910,311920,311930,311940,311990,312110,312120,312130,312140,312200,313100,313200,313300,314110,314120,314900,315000,316000,322110,322120,322130,322210,322220,322230,322291,322299,323110,323120,324110,324121,324122,324190,325110,325120,325130,325180,325190,325211,3252A0,325411,325412,325413,325414,325310,325320,325510,325520,325610,325620,325910,3259A0,326110,326120,326130,326140,326150,326160,326190,326210,326220,326290,total
321100,5222,2480,4371,4249,3,,,,1,11,0,,,,1,1,,,,,,,,4,,,,,,,,,,,,,,,,,,,,13,3,,,,,,,,,,,,,,,,,,,,77,,,,,,,,,,,,,,,,,,,,,,,,,,,,,,,,,,,,,,,,,,,,,,183,39,0,76,,,,2,,80,94,,,,,,,46,30,,3,,925,340,261,145,21,147,834,,,,,,,,136,20,81,70,166,,,,,,,,,,,,,,,,,,,,,,,,,,,,,6,,,,,,,,,704,1384,1956,,,,,,,,,,,,,23,,,138,,,,,,,,,,,,,,,,,,,,,140,,,,35953
321200,,2975,976,646,6,,,,,,,,,,,,,,,,,,,,,,,,,,,,,,,,,,,,,,,,,,,,,,,,,,,2,0,,,,,,,,194,,,26,,,,,,,,,,,,,,,,,,,,,,,,,,,,,,,,,,,,,,,,,,,,,0,98,,,,658,,443,,,,1,,,,,60,,,,1157,300,116,171,90,144,1016,,,294,,,,,,,6,131,75,,,,,,,,,,,,,,,,,,,,,,,,,,,,,,,,,,,,,,,,,,,,,,,,,,,,,,,,,,,,,,,,,,,,,,,,11,,,,2,537,,,,23986
321910,1,31,1600,149,1,,,,1,1,0,,1,,0,0,2,,,,,0,1,1,,,,,0,,,,,,,2,,,,,1,,,,,,,,,,46,,,,,,,,,,,,,,150,,,,,,,1,,,,,,,,,,,,0,,,,,,,,,,,,,,,,,,,,,,,,,,,,78,2,94,,,,419,,382,48,,,,,,19,75,,,,,316,1,1,2,,,6,215,,,,,,,,,5,,2,,,,,,,,,,,,,,,,,,0,,,,,,,,,,,,,,,,,,,,,,,,,,,,0,,,,,,,,,,,,,,,,,,,,,,,,,,,,,,,270,,,6,21939
3219A0,9,120,1189,698,10,69,13,,2,17,5,,,,24,8,6,,,,,71,143,3,82,,,,102,,,,,,,3,,,30,,,,,,,,,,,,11,,,5,,83,21,,,20,5,,,,175,,,,,,,,,,,,0,11,21,8,28,41,,24,,,,,,,,150,,,,,,,,,,,,429,,,,,,,,,,,,,,0,295,5,142,1,,0,,,,,,,,,174,,,,7,16,,45,16,,,,,,30,,5,,91,8,,,,,,,,,,,,,45,,,,,,,,,,,,,40,151,,,,,,46,,,0,29,343,261,8,,24,,,2,,,,,,,,,,2,,1,0,0,0,2,1,1,7,8,5,,2,16,,2,1,,,,161,,1,,25216
327100,,,,6,590,87,50,40,8,14,11,,62,,,1,353,63,,,125,6,,22,,,,,,10,,23,13,,,,6,,18,,,,,,3,,,,,,,,,,,1,,,,,,,,,44,,,,,,,,,,,7,,,,11,,,,,,,,,,,,,,,,,,15,2,39,1,,,,,,,0,7,,,,,,8,8,7,,,134,30,,,,,,,,,,,,,,,,,,,,,,6,,5,,,,,,,,,,,,,,,,,,,,,,,,,,,,,,,,,,,,,,,,,,,,,,,,,,,,,,,3,,,,2,,,,7,,,,,,,,,,,,,,,,,,,,98,,,,8352
327200,,,192,10,9,2302,20,146,21,31,8,,,,424,3,,12,,,,,,4,,,,,,,329,,,,3,,24,,,,,,,,12,,,,,,,108,,4,,,,,,,,,,,,,,,,,,,,,,,,,,73,3,23,,4,,18,3,14,41,,37,,,42,9,,,,,,,,,825,,,,1478,1117,187,175,1,11,52,33,31,24,,,370,119,,,,,,,196,79,,,,,9,48,1,18,33,67,,3,52,7,4,7,,,,,,,,,,,1,,,4,,116,53,101,22,,,,,,7,104,35,0,63,16,82,1565,639,455,,,31,,,,,,,,,,,,,,,,,,3,587,,,1,,4,15,62,,16,15,29,162,,1,,1,,107,,245,1,48,28,13,37,,520,,,,26227
327310,,,,,,,86,5052,425,480,20,,,9,2,573,,,,,,,,,,,,,,,,,,,,,,,,,,,,,,,,,,,,,,,,,,,,,,,,,29,,,,,,,,,,,1,,,,3,,,,,,,,,,,,,,,,,,,,,,,,,,,,,,,,,,,,,,,,29,,,,,,,,,,,,,,,,,,,,,,,,,,,,,,,,,,,,,,,,,,,,,,,,,,,,,,,,,,,,,,,,,,,,,,,,,,,,,,,,,,,,,,,,,,,,,,,,,,,,,,,,,,,,39,,,,8070
327320,,,,,,,,339,65,368,,,,,,,,,,,,,,,,,,,,,,,,,,,,,,,,,,,,,,,,,,,,,,,,,,,,,,,7,,,,,,,,,,,,,,,,,,,,,,,,,,,,,,,,,,,,,,,,,,,,,,,,,,,,,8,,18,,,,,,,,,,,,,,,,,,,,,,,,,,,,,,,,,,,,,,,,,,,,,,,,,,,,,,,,,,,,,,,,,,,,,,,,,,,,,,,,,,,,,,,,,,,,,,,,,,,,,,,,,,,,8,,,,30655
327330,,,,,,,,,13,,,,,,,,,,,,,,,,,,,,,,,,,,,,,,,,,,,,,,,,,,,,,,,,,,,,,,,,,,,,,,,,,,,3,,,,17,,,,,,,,,,,,,,,,,,,,,,,,,,,,,,,,,,,,,,,,112,,,,,,,,,,,,,,,,,,,,,,,,,,,,,,,,,,,,,,,,,,,,,,,,,,,,,,,,,,,,,,,,,,,,,,,,,,,,,,,,,,,,,,,,,,,,,,,,,,,,,,,,,,,,215,,,,6104
327390,,,,,1,,4,33,14,152,,,,,,80,,3,,,,,,0,,,,,,,,,,,,,,,,,,,,,,,,,,,,,,,,,,,,,,,,,152,,,,,,,,,,,10,,,,22,,,,,,,,,,,,,,,,,,,,,,,,,,,,,5,,,,,,8,8,5,35,,121,27,,,,,,,,,,,,,,,,,,,,,,1,,1,,0,,,,,,,,,,,,,,,,,,,,,,,,,,,,,,,,,,,,,,,,,,,,,,,,,,,,,,,,,,,,,,,,,,,,,,,,,,,,,,,,,506,,,,12480
327400,,15,,71,9,51,59,,,,9,2,,21,,24,456,7,,,,,,,,,,,,,,,,,,,,,,,,,,,,,,,,,,,,,,,,,,,,,,,95,,,,,,,,,,,2,,,,1,,,,,,,,,,,,,,,,,,,,,,,,,,,,,,,,,,,,,,22,,99,,,,,,,,,,,,,,,,,,,,,,159,16,,7,,,,,,,,,,,,,,,,,,,,,,,,,,,,,,,,,,,,,,,,,,,,80,96,310,,,,,,,,,,,,,,,,,,,,,,,,,,,,,,,,,,,,,104,,,5,8067
327910,69,16,16,27,9,3,11,53,11,24,16,230,51,,30,,19,4,0,6,,3,3,115,12,,3,14,25,228,34,12,7,4,74,2,105,99,105,11,35,15,3,40,39,10,5,21,60,15,137,,,19,4,27,5,35,28,56,60,116,2,2,20,19,61,42,8,5,1,37,151,,,0,,10,,7,4,5,,16,0,4,1,6,5,,7,,,0,,4,2,1,3,4,9,,,0,52,,3,,6,10,44,2,1,2,12,9,5,17,32,134,34,88,0,12,,1,5,10,5,,0,1,8,27,7,12,27,16,46,10,81,35,4,3,4,3,22,1,4,141,53,,,,,,,2,0,0,,,,,,1,,,,0,,,,,,,0,,,,,,,,,,,,,8,7,,,,,,1,,,,,,,,,,1,1,0,,,,,,,,,0,0,,6,7,4,,3,1,1,33,,,,4724
327991,,,,,13,,,,,,,,238,,,,,,,,,,,,,,,,,,,,,,,,,,,,,,,,,,,,,,,,,,,,,,,,,,,,,,,,,,,,,,,,,,,,,,,,,,,,,,,,,,,,,,,,,,,,,,,,,,,,,,,,,,,,,,,,,,,,,,,,,,,,,,,,,,11,,11,,,,,,,,,,,,,,,,,,,,,,,,,,,,,,,,,,,,,,,,,,,,,,,,,,,,,,,,,,,,,,,,,,,,,,,,,,,,,,,,,,,,,,,4943
327992,,,,,95,111,91,37,9,16,184,17,81,331,,,572,118,,,,,,1,,,,,,,,,,,,,,,,,,,,,,,,,,,,,,,,,,,,,,,,,,,,,,,,,,,,,,,,,,,,,,,,,,,,,,,,,,,,,,,,,,207,,,2,,,,,,6,6,1,,,70,37,,,,,,,,,,,,,,,3,,,,,,,7,,7,,,,3,,182,,,,,,,,,,,,,,,,,,,,,,,,,,,,,,,,,,,,,,,,,,,,,,,,,,99,8,,,,,,1,,,,,,150,,747,,,,,83,,,,,,,,,,,4070
327993,,2,166,57,8,138,30,139,31,64,4,,,,7,,1,9,,,,,,3,,,,,,,,,,,,,,,,,,,,,,,,,,,,,,,,80,,,,,,,,,,,,,,,,,,,,,,,,,,,,,,,,,,,,,,,,28,106,,,,,,,13,,,,1,24,,,,,,27,27,23,,,399,102,,,,,,,,,,,,,,,,,,,,,,1,,1,,,,,,,,,,,,,,,,,,,,,,,,,,,,,,,,,,,,,,,,,,,,,,,,,,,,,,,5,,,,,,,,,,,,,,,,,,,,,,,,,,,,,,,,6179
327999,,,,,9,,19,92,8,21,11,6,27,,,125,,5,,,,,,2,,,,,,,,,,,,,,,,,,,,,,239,,,406,,,,,,,,,,16,,53,,,,,,,,,,,,,,,,,,,,,,,,,,,,,,,,,,,,,,,,,,,,,159,,0,13,1,,,,,16,16,13,,,213,61,,,,,,,,,,,,,,,,,,,,,,3,,3,,,,,,,,,,,,,,,,,,,,,,,,,,,,,,,,,,,,,,,,,,,,,,,,,,,,,,,43,905,,,,,,,,,,,,,,,,,,,,,,,,,,,,,,751,5103
331110,,,4,98,,,,,26,89,,41,,198,24,3,7506,7832,,50,,,62,857,,1992,1815,2420,1105,12143,7602,691,1488,847,827,600,2026,2473,939,9,827,263,1060,134,1809,2679,295,3143,1554,32,961,34,2,593,502,1496,414,254,228,432,334,322,48,300,539,120,452,4270,164,25,116,1803,464,,0,2,62,37,8,56,52,160,53,12,7,26,15,5,90,36,8,13,0,,89,33,1074,322,113,646,194,296,20,14,483,,28,10,1896,85,784,587,5,300,415,214,457,52,11544,1592,1285,3650,18,178,16,13,873,328,49,227,653,394,,178,0,166,177,550,564,20,229,131,9,,15,5,145,4,8,481,933,,,,,,,,,,,,,,,,,,,,,,,,,,,,,,,,,,,15,,,,,,53,,,,,1,13,,,,,,,10,36,1,,,,,,,,,,,,,,1,,,,,,,64,,,105,101973
331200,,4,,,,,,,170,756,,,,,,,659,241,,,,,3,,,,,33,62,903,43,11,7,,45,1526,266,1626,,,7,,,16,149,,,,,10,347,,,,,89,1,,,,,,,,,,,,,,,144,,,,,,,,,6,5,,,,,,,,,,,,,270,2,,1,83,,,,,79,,,,,,,,,,,14,4,1,,101,14,1,,,,,,,,,,,,,,4,6,,,,,,1,,,,,,,,3,27,,,,,,,,,,,,,,,,,,,,,,,,,,,,,,,,,,,62,,,,,,,,,,,,,,,,,,,,,,,,,,,,,,,,,,,,,,,,,,3,341,104,,9247
331313,,,,30,,,,,,,,,,,,,353,58,767,8450,,9,0,12,1182,65,370,29,50,,65,123,7,955,76,24,245,,22,,17,,7,70,6,,,,,5,49,47,,1,10,28,46,31,18,,7,,,,,34,107,62,,16,10,207,3,,0,0,8,25,5,1,1,36,,18,1,13,5,3,38,,2,,0,,24,1,78,1,21,,,,,,21,,83,3,480,18,5,9,16,294,48,55,320,5,19,74,80,8,0,35,30,3,,12,10,48,1104,40,,41,0,80,121,103,104,62,,4,1,,1,1,16,,,,48,1,1,,,,,1,1,,1,1,1,1,1,0,1,1,,1,1,1,1,1,0,1,,,,,,,,,,,,,,,,,,,,,,,,3,,,,,,,,,,,,,,,,,,,,,,,,,,,,,,,,8816
33131B,,,17,27,,,,,,37,,,,,18,,,,36,3482,,9,2,,,348,14,216,80,420,2133,302,146,3535,178,53,507,548,,10,2,,37,2,1102,1,,,,79,199,23,,92,6,881,43,130,274,,63,98,8,17,5,14,133,27,,5,48,45,91,,0,1,0,28,3,15,114,46,,10,1,5,5,1,39,,2,,0,,648,0,54,11,6,105,33,,,508,4,,,6,1096,47,412,907,5,44,19,36,38,16,788,62,11,144,2,453,,7,,432,378,347,71,25,76,231,1,81,180,123,184,104,,7,1,,1,1,144,,2,,62,2,3,,,,,3,5,,2,2,3,2,2,1,2,2,,2,2,2,2,2,2,1793,,,,,,,,,,,,,,,,97,770,,,,,,,,,,,,,,,,,,,,,,,,,,,,,170,,,,,,110,,,,25546
331410,,,,24,,,,,,,,3,,,10,,3098,600,55,1002,3821,7124,3355,644,288,,4,,,6,,11,1,,,2,15,,39,30,35,,16,,25,,,,,156,9,6,,1,,138,49,,,,,,,,,,,,,,,2,,,0,1,,,,1189,202,630,,,3,2,3,1,17,,5,,,,,,,,1,761,85,1955,13,131,73,,,5,799,31,,,,,0,,647,34,,74,0,28,1,14,,6,72,,,79,,,,,,,,,,,,,288,,381,848,,,,,17,,,,,,,,,,,,,,,,,,,,,,,,,,,,,2,,,,,,,,,,,,,,,,,,,,11,,,,,,,,,,,,,,,,,,,,,,,,,,,,,,,,15472
331420,,,,,,,,,,,,,,,,,,,,109,,5711,9,,258,,5,89,16,420,128,120,109,,32,55,164,398,,594,199,,177,435,79,67,24,,,1,,58,,9,54,954,231,,,,,,47,73,79,,,30,74,,,65,,3,1,8,0,109,11,2,41,137,531,66,12,21,36,18,102,103,9,2,,,81,11,80,555,216,,,,,2515,93,,243,,,,,,,,55,1279,476,,258,96,826,125,0,5,,,,,,,15,,,,,,,,,,,,1,,1,1,,,,22,37,,,,,,,,,,,,,,,,,,,,,,,,,,,,,,,,,,,,,,,,,,,,,,,,,,,,,,,,,,,,,,,,,,,,,,,,,,,,,111,,,4,19930
331490,,,,,,,,,1,14,,,,,,,290,242,,30,106,83,622,51,196,22,1052,62,34,9,187,9,5,32,251,25,51,193,231,5,9,2,15,85,51,39,21,4,161,14,13,,0,16,4,47,11,7,77,4,116,42,,1,171,0,6,69,,0,4,13,21,,,7,42,55,3,69,55,184,84,89,28,17,40,4,21,3,12,5,,20,35,4,58,23,26,68,55,68,91,1,44,1,394,0,120,4,2,12,0,5,19,112,199,24,27,18,102,19,1,1,17,,2,191,5,10,3,0,,,,,,,,,25,65,14,,13,15,9,,,37,258,6,8,,,,,8,14,,5,7,8,6,6,3,7,5,,7,7,7,6,6,5,9,,,,,,,,,,,,,,,,,,,,,,,,,,,,,,,,,,,,,,,,,,,,,,,,,,,,0,,,,10561
331510,,,1,1,,,,,,,,,,,,,160,11,,,,,,42,96,15,29,3,40,34,217,40,75,,56,10,77,550,26,337,1006,49,28,88,79,102,33,238,346,16,416,12,2,91,89,796,10,136,108,96,130,137,28,171,1089,603,421,263,86,18,17,216,400,,,,22,2,8,29,0,43,40,27,9,12,15,5,8,7,9,9,,,28,9,42,5,11,48,12,,0,,26,1,3,5,44,,27,4,0,4,482,247,1551,7,249,535,1536,,11,495,0,8,170,6,12,13,52,34,,1,,7,2,6,21,,117,184,6,,5,3,58,,,1,7,,,,,,,,,,,,,,,,,,,,,,,,,,,,,,,,,,,,,,,,,,,,,,,,,,,,,,,,,,,,,,,,,,,,,,,,,,,,,,,,,16493
331520,,,,1,,,,,,,,,,,,,,,,,,,,,55,19,2,46,69,12,114,31,17,,27,10,763,198,36,162,287,13,4,67,23,10,11,35,30,12,349,16,0,165,12,87,16,166,77,135,110,9,13,24,907,35,68,68,70,4,14,365,36,,,0,8,3,2,10,1,7,10,7,0,5,16,1,7,4,1,2,,,152,38,74,1,14,66,15,2,0,,587,2,3,9,62,0,10,4,0,4,2376,398,818,0,23,931,1368,13,2,20,0,20,9,31,5,20,0,45,,1,1,10,1,9,23,,33,23,1,,1,1,91,,,0,6,1,1,,,,,1,1,,1,1,1,1,1,0,1,1,,1,1,1,1,1,0,1,,,,,,,,,,,,,,,,,,,,,,,,,,,,,,,,,,,,,,,,,,,,,8,,,,,,,,,,62,12324
332114,,,,2,,,,,8,51,,,,,,,,,,,,2,,,105,171,27,15,7,144,110,46,20,85,2,35,39,62,251,3,51,16,7,39,10,5,1,6,170,12,48,,1,104,3,14,2,12,8,16,7,123,1,7,36,2,3,36,8,21,16,34,6,,0,1,,4,0,0,1,14,373,9,,,,,,30,4,1,,,7,1,51,4,4,93,27,5,10,18,17,7,6,4,19,6,15,9,1,17,56,15,2077,25,76,31,236,13,0,21,,3,40,7,4,3,36,6,,9,0,7,1,14,24,1,191,272,1,,2,1,10,0,1,313,19,1,1,,,,,1,2,,1,1,1,1,1,0,1,1,,1,1,1,1,1,0,1,,,,,,,,,,,,,,,,,,,,,,,,,,,,,,,,,,,,,,,,,,,,,1,,,,,,,,8,,29,6712
33211A,,,,3,,,,,,,4,,,,5,3,,,,,,,,,42,212,1439,31,92,29,22,50,64,3,104,13,295,490,66,315,283,92,132,268,35,130,14,1,839,5,209,3,1,50,9,51,13,48,22,24,20,161,29,83,983,87,251,154,21,31,12,63,84,5,,13,12,86,24,8,0,15,74,26,5,31,27,1,7,211,19,2,,,135,2,47,11,16,155,21,35,5,,86,,9,2,9,4,5,3,0,4,695,83,53,145,36,153,109,121,703,136,148,42,102,192,43,1,13,28,,15,,12,2,24,40,2,11,56,0,,1,1,1,1,2,3,24,,,,,,,,,,,,,,,,,,,,,,,,,,,,,,,,,,,,,,,,,,,,,,,,,,,,,,,,,,,,,,,,,,,,,,,,,,,,,,4,,319,13042
332119,,,,24,20,,,,,,,,,,,,,,,,,,,0,,9,7,343,21,98,16,23,7,5,27,20,49,14,36,105,21,5,3,42,64,374,134,16,99,20,129,12,3,27,8,252,4,7,6,5,6,21,2,7,29,5,5,48,7,16,8,18,7,1,1,11,2,25,6,19,10,80,58,65,33,24,10,29,9,106,10,5,,,18,35,912,13,93,128,43,71,46,,266,,237,3,10,4,5,2,2,31,29,15,17,706,82,166,57,12,16,21,3,3,4,4,3,6,17,6,2,61,1,8,33,92,342,3,19,16,4,,4,3,5,3,6,5,26,,,,,,2,,,1,1,2,,,,1,,,,,3,,,2,,,,,,,,,,,,,1,,,563,,58,,,,,,,,,,,,,,,,142,,1,9,13,,,,81,,,208,,6,,,,,,,8,9,,72,10943
332200,37,1,3,5,,1,,3,0,2,,,62,0,1,,9,1,0,1,,2,1,5,5,9,9,18,20,37,12,25,8,11,32,20,54,15,42,8,61,3,11,52,12,5,3,4,62,17,38,6,1,27,7,16,3,8,7,5,6,21,1,9,13,5,5,16,8,37,8,16,7,,0,0,,3,1,1,1,1,16,5,0,13,3,3,14,30,38,0,,0,1,2,10,4,5,30,14,6,2,1,17,0,1,6,20,9,11,7,0,6,21,10,11,30,84,19,26,12,12,21,,2,190,6,4,6,27,8,0,6,,5,9,21,39,4,25,22,5,1,3,3,6,3,3,10,20,,,,,,,,1,,1,,,,,14,25,,4,1,1,,,1,,5,0,0,,,,,,,0,0,,,1,28,13,6,2,0,0,0,1,,,,,,,,,1,0,3,1,,,,,,,,,1,1,,6,8,5,1,3,2,3,56,9,1,60,8756
332310,,57,,30,,,,,4,116,,,,,,,,24,,,,,,,,18,20,90,8,1328,19,45,14,7,33,21,567,14,39,7,64,2,7,41,8,2,2,93,35,10,299,,1,26,3,170,43,7,5,4,4,124,1,5,176,85,80,307,6,19,7,29,5,1,1,2,,8,1,90,6,28,16,4,,,,,,14,5,4,,,27,1,19,13,13,114,38,46,13,,51,,20,4,16,7,14,6,0,2,632,16,174,7,80,36,40,1650,1,513,186,3,306,184,200,3,33,6,,10,,7,1,16,24,2,,,7,,7,5,14,2,2,2,14,,,,,,,,,,,,,,,,,,,,,,,,,,,,,,,,,,,,,,,,,,,,,,,,,,,,,,,,,,,,,,,,,,,,,,1,,,,,,,156,8,,,43306
332320,,10,96,141,,2,,,4,36,,,,,,2,4,,,,,1,2,,,47,1,21,,123,416,10,3,7,,38,117,5,,,37,,1,,22,29,1,9,,11,152,21,,949,2,7,51,,3,1,0,,0,1,429,2,,39,,,1,105,,31,190,26,7,139,22,97,48,148,13,195,108,38,14,42,85,,22,,,,7,1,16,,12,530,394,,,,23,,218,9,4,3,71,2,10,211,43,2,15,117,149,336,17,1,3,,,,1,1,,,77,1,,,,36,0,64,21,,203,236,,,,,1,,,,,,,,,,,,,,,,,,,,,,,,,,,,,,,,,,,,,,,,,,,,,,,,,,,,,,,,,6,,,64,,,,,,,,,,,,,,,,,,,,,1240,,,,41400
332410,,,,,,,,,,,,,,,,,,,,,,,,,,,,,,,,47,13,,,3,55,,,,3,,,,1,,,,,9,338,,,,10,4,,,,,,31,,,40,,,,,,,9,,,,,,,,,,,,,,,,,,,,,,,,,,,,,,,,,,,,,,,,,,,,,,,,,,,,,,,,2,,,,,,,,,,,,,,,,,,,,,,,,,,,,4,2,,,,,,,,,,,,,,,,,,,,,,,,,,,,,,,,,2,,,,,,,,,,,,13,,,8,5,70,,,,1,,11,,3,158,45,186,81,22,32,,,,,,,,,,,6971
332420,,,,,,,,,,,,,,,,,,,,,,,,,,,,,,,,35,454,,,11,23,,,,12,,,,0,,,,,12,405,,,,,,,,,,,38,,,44,,,,,,,14,,,,,,,,,,,,,,,,,,,,,,,,,,,,,,,,,,,,,,,,,,,30,,,,,,,,,,,,,4,,,,,,,,,,,,,,,,,,,,,,,,,,,,3,,,,,,,,,,,,,,,,,,,,,,,,,,,,,,,,,,,,,,,,,,,5,,,87,,,1,16,79,,,,2,3,,,34,146,33,64,24,18,94,,,,,,,,,,88,8055
332430,,,,3,,,,,,,,,,,,,,,,,,,,,,9,12,18,11,66,6,48,14,3353,36,14,32,18,44,9,59,4,12,52,12,5,3,75,38,14,70,,1,30,4,19,43,9,8,7,7,136,1,9,135,81,80,153,9,22,8,14,10,,0,1,0,11,8,1,2,21,19,33,0,,0,,0,29,1,0,,,8,2,20,3,4,24,14,5,0,,24,,7,5,23,10,14,6,0,6,4,19,21,30,89,36,45,14,9,22,1,3,5,5,5,7,45,9,,12,0,10,5,17,33,3,,4,4,,4,3,5,2,2,7,23,1205,7,,,8,3,,36,25,2329,79,122,225,1,25,6,99,,11,223,52,45,56,75,104,3167,,,1751,,,,,,,,,,,,,,,,,,,30,1,1,185,0,8,4,29,173,,,2,5,17,9,,76,312,68,138,9,36,203,,,,,,,33,11,,,17580
332500,,82,124,143,,,1,6,,,,,,,,,,,,,,,,,,,,0,,2,424,1,,1,506,7,53,346,1,1,8,,1,1,4,1,0,19,1,5,1,,0,1,1,94,,,1,,,0,,,34,1,,0,1,1,,8,0,,,9,,,,10,,,11,,,,,,,1,,,,,,,1,,1,,,,,,,,,94,321,47,167,141,0,1,1,4,1,4,0,72,2,233,85,263,,,0,3,238,1,2,1,177,237,46,22,30,36,295,,1,1,,,,,1,,,99,23,,,,,,,,,,,6,,4,,,,,7,,,,,,,25,3,,,,,,,,,,,3,,,,,,,,,,,,,,,,,,,,,,,,,,,,,,,87,,,,,,,,,159,,302,3,8728
332600,,,,1,,,,,,,,,,,,,,142,,,,,,,1,1,1,3,7,1,4,2,1,0,16,477,43,130,2,1,24,0,1,4,4,1,1,1,3,23,10,1,0,1,1,8,0,1,1,1,1,1,0,1,1,1,0,,1,1,1,36,1,,,,,0,,,,0,77,1,,0,,,0,1,1,,,,2,1,2,0,2,4,1,1,1,,2,,0,28,501,41,280,,0,2,2,1,1,3,11,3,2,340,518,340,,,397,1,,1,2,1,,178,4,7,1,0,1,445,2,2,0,,0,1,1,0,0,1,7,,,,,,,,,,,,,,,,,,,,,,,,,,,,,,,,,,,,,,,19,,,93,,,,,,,,,,,,,43,,,,,,,,,,,,,,,,,,,,,,,,,471,5645
332710,289,246,24,69,14,40,23,128,17,38,15,8,15,46,24,4,247,95,4,508,66,84,87,273,202,39,78,111,72,369,1048,151,42,40,256,87,534,207,346,57,382,46,48,277,89,17,11,87,307,68,967,27,0,225,22,183,20,103,85,64,47,57,10,59,59,25,41,474,62,187,50,74,120,10,5,8,5,187,30,37,39,112,104,34,2,92,43,77,113,182,19,3,1,5,54,30,110,32,35,147,120,43,3,39,329,19,73,32,131,50,143,49,1,20,752,133,243,280,564,777,339,154,4,165,64,55,102,21,74,17,223,38,104,143,6,88,10,115,178,42,287,183,7,19,10,4,19,1,19,41,325,2,3,,,,,3,77,5,30,5,,6,,6,6,0,99,,110,,13,32,9,319,15,15,51,209,8,10,28,27,19,43,3,6,60,423,484,546,350,61,140,54,339,39,133,1,29,21,13,18,45,58,160,213,103,2,1,1,5,22,16,118,154,654,144,37,264,243,76,23,63,28,56,813,83,25,314,37044
332720,128,85,81,108,5,15,10,53,7,16,6,3,6,18,11,2,141,26,1,27,15,20,8,39,37,305,34,136,113,497,821,109,26,28,208,96,487,1375,186,30,493,86,9,92,389,104,81,85,27,197,499,21,1,267,23,291,16,57,45,53,31,32,18,53,142,112,139,135,55,83,31,426,204,1,2,5,11,207,170,4,47,225,422,88,4,148,106,64,128,427,42,6,1,1,199,47,516,212,181,150,88,156,1,7,208,6,27,126,357,357,494,270,1,69,449,37,299,119,1167,1827,459,429,14,496,6,35,439,38,247,13,33,27,45,44,1,31,7,69,113,20,206,159,9,3,7,3,147,1,6,25,70,,,,,,,,,,,,,,,,,,,,,,,,,586,38,7,23,,3,7,14,12,9,19,1,2,19,118,140,165,99,17,49,16,137,14,135,1,34,9,9,7,20,26,68,68,21,,0,,,9,7,51,67,275,63,16,103,104,34,10,27,11,17,246,48,10,264,29110
332800,242,185,110,64,13,37,24,145,19,43,17,8,16,51,27,5,376,66,4,147,61,48,26,127,134,24,38,60,31,226,15,89,23,24,129,44,190,62,879,26,199,6,27,149,39,9,5,13,246,22,134,16,2,94,12,63,4,29,22,17,13,97,2,22,30,9,7,242,22,71,25,24,23,6,3,5,4,65,13,11,18,63,77,81,1,50,19,32,67,113,10,2,1,2,32,14,77,46,19,87,59,25,38,18,120,13,29,24,96,34,195,30,0,12,116,73,153,94,520,121,160,93,2,106,276,29,20,10,35,11,134,23,116,83,5,50,7,68,110,45,136,97,4,7,6,2,18,1,9,21,74,,,,,,,,,,,,,,,,,,,,,,,,,1452,95,17,,230,9,19,31,30,22,47,3,4,52,319,366,432,245,44,129,37,310,34,375,4,86,23,15,19,51,67,179,184,63,2,1,1,,19,18,133,172,732,162,33,271,271,85,26,70,31,46,460,60,28,,26122
332913,,,,19,,,,,,,,,,,,,,,,,,,,,,,,,,,,,,,,3,,,,9,3,,,,,,,,,3,,,,,,,,,,,,,,,27,,,,,,,3,,,,5,,,,11,,,,,,,,,,,,,,,,,,,,,,,,,,,,,,,,,0,19,,,,,,28,,,,,,,,,,,,,,,,,,,,,,,,,,,,,,,,,,,,,,,,,,,,,,,,,,,,,,,,,,,,,,,,,,,,,,,,,,,,,,,,,,,,,,,,,,,,,,,,,,,,,,,,,,,,212,,,83,4470
33291A,,,,23,,,,,,0,,,,,,,60,1,0,,,,,9,,13,18,24,22,176,84,75,69,3,27,29,144,13,21,11,1530,8,72,63,10,93,19,802,201,155,364,16,4,396,6,181,91,15,15,41,33,318,0,10,114,305,75,250,11,10,13,392,35,,0,0,7,49,1,0,0,6,9,1,0,21,5,4,22,8,51,,,,8,1,18,20,2,,,64,16,,,,12,177,488,89,46,20,0,2,239,77,26,,117,137,286,1582,20,427,116,28,28,156,2,9,375,10,,5,,4,1,8,13,1,42,40,8,,,0,8,1,2,,11,,,,,,,,9,,,8,21,8,2,,,,,,8,,10,,,182,22,3,,2,,,,,,,,,49,163,182,,,,,,,,,9,,,9,13,20,51,162,28,4,,,,,2,9,29,,,359,,139,,,,,15,,145,10,,85,24115
332991,,,,2,,,,,,,,,,,,,,69,,,,,,,,6,11,18,9,69,5,27,6,7,35,10,33,13,44,7,55,1032,9,42,10,172,72,45,30,20,130,6,2,27,4,106,10,8,5,38,20,129,20,129,19,62,55,89,49,98,8,14,178,,0,1,,6,2,0,1,27,21,6,0,14,4,5,15,19,28,4,,,15,,23,12,73,90,34,11,9,,49,,17,16,33,19,14,8,0,3,126,77,78,29,88,324,208,137,8,87,,4,18,3,4,4,12,7,,8,,8,3,17,27,3,29,24,1,,4,2,3,3,4,6,20,,,,,,,,,,,,,,,,,,,,,,,,,,,,,,,,,,,,,,,,,,,,,,,,,,,,,,,,,,,,,,,,,,,,,,1,,,,,,,,11,,,5983
332996,,,,,,,,,,,,,,,,,,,,,,,,,,,,,,110,,69,186,,,1,,,,,832,,415,,7,,,,,1,,,,53,15,28,,,,,,,,,,,,,,,,1,,,,,,,,,,,,,,,,,,,,,,,147,,,,,,,,,,,,,,,,,,,,,4,,,,,,,,108,,,,,,,,,,,,,,,,,,,,,,,,,,,,,,,,,,,,,,,,,,,,,,,,,,,,,,,,,,,,,,,,,,,,,,,,,,,,,,,,,,,,,,,,,,,,,,,,,,,,,,,,,,,,5949
33299A,,,,,,,,,,,,,,,,,,,,,,,,,,,,,,,,,,,,0,,,,,0,,,1237,,,,,,,,,,,,,,,,,,,,,,,,,,,,0,,,,,,,,,,,,,,,,,,,,,,,,,,,,,,,,,,,,,,,,,,,,,,,,,,,,,,,,,,,,,,,,,,,,,,,,,,,,,,,,,,,,,,,,,,,,,,,,,,,,,,,,,,,,,,,,,,,,,,,,,,,,,,,,,,,,,,,,,,,,,,,,,,,,,,,,,,,,,,,113,13063
332999,40,46,14,21,28,7,6,26,33,239,2,1,3,9,20,20,3,39,1,12,27,7,5,91,408,6,7,13,25,58,11,21,6,6,23,22,44,28,37,9,50,4,7,34,674,22,27,5,45,18,162,4,2,25,8,18,5,5,7,5,5,28,1,12,44,10,5,122,11,16,4,58,6,,0,3,6,17,3,5,0,41,23,71,0,11,7,16,19,9,4,5,0,0,26,4,18,8,5,102,42,21,5,3,33,3,13,4,17,7,14,2,0,4,26,14,15,70,69,31,34,12,15,19,6,2,2,4,35,13,28,62,20,7,,6,11,15,29,13,54,27,4,,4,6,9,3,2,6,381,7,31,5,13,2,25,1,123,2,32,59,97,7,23,26,77,2,43,61,96,152,31,91,48,23,,4,10,56,1,4,7,5,4,11,1,1,9,11,42,73,13,6,171,5,29,8,,2,20,5,,3,10,72,8,43,10,7,,3,19,6,3,31,30,53,1,10,64,33,10,3,0,4,5,68,27,3,,13901
333111,,,,,,,,,,,,,,,,,,,,,,,,,,,,,,,,,,,,,,,,,,,,,,1075,161,,,,,,,,,,,,,,,,,,,,,,,,,,,,,,,,,,,,,,,,,,,,,,,,,,,,,,,,,,,,,,,,,,,,,,,,,,,,,,,,,,,,,,,,,,,,,,,,,,,,,,,,,,,,,,,,,,,,,,,,,,,,,,,,,,,,,,,,,,,,,,,,,,,,,,,,,,,,,,,,,,,,,,,,,,,,,,,,,,,,,,,,,24691
333112,,,,,,,,,,,,,,,,,,,,,,,,,,,,,,,,,,,,,,,,,,,,,,,0,,,,,,,,,,,,,,,,,,,,,,,,,,,,,,,,,,,,,,,,,,,,,,,,,,,,,,,,,,,,,,,,,,,,,,,,,,,,,,,,,,,,,,,,,,,,,,,,,,,,,,,,,,,,,,,,,,,,,,,,,,,,,,,,,,,,,,,,,,,,,,,,,,,,,,,,,,,,,,,,,,,,,,,,,,,,,,,,,,,,,,,,,7392
333120,,,,,,,,,,,,,,,,,,,,,,,,,,,,,,,,,,,,,,,,,,,,,,4,,177,1,,,,,,,,,,,,,,,,,,,,,,,,,,,,,,,,,,,,,,,,,,,,,,,,,,,,,,,,,,,,,,,,,,,,,,,,,,,,,,,210,,,,,,,,,,,,,,,,,,,,,,,,,,,,,,,,,,,,,,,,,,,,,,,,,,,,,,,,,,,,,,,,,,,,,,,,,,,,,,,,,,,,,,,,,,,,,,,,,,,,,,,,32074
333130,,,,,,,,,,,,,,,,,,,,,,,,,,,,,,,,,,,,,,,,,,,,,,20,,,79,,,,,,,,,,,,,,,,,,,,,,,,,,,,,,,,,,,,,,,,,,,,,,,,,,,,,,,,,,,,,,,,,,,,,,,,,,,,,,,,,,,,,,,,,,,,,,,,,,,,,,,,,,,,,,,,,,,,,,,,,,,,,,,,,,,,,,,,,,,,,,,,,,,,,,,,,,,,,,,,,,,,,,,,,,,,,,,,,,,,,,,16946
333242,,,,,,,,,,,,,,,,,,,,,,,,,,,,,,,,,,,,,,,,,,,,,,,,,,263,,,,,,,,,,,,,,,,,,,,,,,,,,,,,,18,,1,,,,,,,,,,,,,,,,,,,,,,,,,,,,,,,,,,,,,,,,,,,,,,,,,,,,,,,,,,,,,,,,,,,,,,,,,,,,,,,,,,,,,,,,,,,,,,,,,,,,,,,,,,,,,,,,,,,,,,,,,,,,,,,,,,,,,,,,,,,,,,,,,,,,,,14325
33329A,,,,,,,,,,,,,,,,,,,0,,,,,39,103,,,,,,,,,,,,,,,,,,,,,,,,,,756,,,,,,,,,,,,,,,,,,,,,,,,,,,,,,131,,,,,,,,,,,,,,,,,,,,,,,,,,,,,,,,,,,,,,,,,,,,,,,,,,,,,,5,4,,,,,,0,,,,,,,,,,,,,,,,,,,,,,113,,,,,,,,,,,,,,,,,,1,,,,,,,,221,345,,,,,,634,11,,,,,112,43,123,481,235,155,,,,,,,,323,,,,,105,52,120,8,,4,30,353,,,,24425
333314,,,,,,,,,,,,,,,,,,,,,,,,,,,,,,,,,,,,,,,,,,,,,,,,,,,,545,96,,,,,,,0,0,,,,,,,,,,,,,,,,,,,0,0,8,,,0,4,1,2,16,,5,,,,,,,,,,,,,,,,302,,,,,,,,,,,,,,,,,,,,,,,,,,,,,,,,,,,360,,59,,,,,,,,,,,,,,,,,,,,,,,,,,,,,,,,,,,,,,,,,,,,,,,,,,,,,,,,,,,,,,,,,,,,,,,,,,,,,40,,,,,,,,,,,4553
333316,,,,,,,,,,,,,,,,,,,,,,,,,,,,,,,,,,,,,,,,,,,,,,,,,,,,,11,,,,,,,,,,,,,,,,,,,,,,,,,,,,,,,,,,,,,,,,,,,,,,,,,,,,,,,,,,,,,,,,,,,,,,,,,,,,,,,,,,,,,,,,,,,,,,,,,,,,,,,,,,,,,,,,,,,,,,,,,,,,,,,,,,,,,,,,,,,,,,,,1,18,,,,,,,,,,,,,,,,,,,,,,,,,,,,,,,,,0,1179
333318,0,0,0,0,0,0,0,0,0,0,0,0,0,0,0,0,0,0,0,1,0,0,0,2,3,0,1,1,2,1,195,1,0,1,2,0,9,8,7,1,4,2,0,1,1,1,1,2,2,2,21,0,0,41,0,2,1,3,7,5,2,5,0,1,1,3,9,7,1,1,0,5,20,0,0,0,0,2,0,0,0,0,0,1,0,0,1,1,1,0,2,0,0,0,0,0,0,0,0,0,1,0,0,0,5,0,0,0,0,0,2,0,0,0,10,0,17,0,1,25,1,4,0,0,0,0,0,1,0,0,0,0,0,0,0,0,0,0,0,0,4,2,0,0,0,0,0,0,0,5,4,0,0,0,0,0,0,0,1,0,1,0,0,0,0,0,0,0,1,0,0,0,0,0,0,2,0,0,0,0,0,1,0,0,0,0,1,0,0,0,0,1,0,0,0,0,1,0,0,0,0,0,0,0,0,0,0,0,0,0,0,0,0,1,0,0,0,0,0,0,0,1,0,0,0,0,0,0,0,0,,18358
333414,,,6,11,,,,,,,,,,,,,,,,,,,,,,,,,,,,,,,,,,,,,,,,,,,,,,,,,,,182,296,,,,,,,,,,,,,,,,,,,,,,,,,,,,,,,,,,,,,,,,,,,,,,,,,,,,,,,,,1,17,,,,,,0,,,,,,,,,,,,,,,,,,,,,,,,,,,,,,,,,,,,,,,,,,,,,,,,,,,,,,,,,,,,,,,,,,,,,,,,,,,,,,,,4,,,,,,,,21,,,,,,,,,,,,,,,,,,,,0,,,0,4384
333415,1,,41,108,,4,,2,,,,,,,,,10,,0,0,9,,0,0,1,4,,4,1,14,31,2,2,,0,0,2,2,2,,1,,1,,4,3,3,2,,,3,,0,81,0,3098,3,,1,1,,1,0,0,31,0,0,4,,,,1,,,,,0,0,,0,2,2,1,0,,0,,,0,,0,1,,,18,,122,,4,1,,,0,,5,,,194,1369,146,2,89,0,4,4,,10,25,35,165,2,1,1,2,,,1,0,,,,0,0,,0,1,,3,10,,28,15,,,,,3,2,,38,14,12,1,,0,1,,27,47,21,411,24,60,29,46,1,1,1,47,79,116,,,,2,388,19,0,,1,,,,,,0,,,,1,1,3,,,0,,3,,2,3,,,0,,,2,6,9,,1,,,,0,0,,32,158,24,,268,22,,,9,153,11,86,,,,32793
333413,,,,,,,,,,,,,,,,,,,,,,,,10,,,,,,,,,,,,,,,,,,,,,,,,,,,,,,62,,195,78,,,,,,,,,,,,,,,,,,,,,,,,,,,,,,,,,,,,,,,,,,,,,,,,,,,,,,,,,,,,,,,53,,,,,,,,,,,,,,,,,,,,,,,,,,,,,,,,,,,,,,,,,,,,,,,,,,,,,,,,,,,,,,,,,,,0,,,,,,,,,,,,,,,,,12,,,114,54,,,,,,,,,,,,,111,,,,,,,240,,,,5836
333511,,,,,,3,,,,,,,,,,,35,1,,,,,,9,82,,,,,76,,,,,,,178,1020,,,,,,,77,,,,,,,,,,,,,115,117,,,,,,,,,,,,,,,,,,,,,,,,,,,,,,,,,,,,,,,,,,,,,,,,,,,6,,,,,,,,,,,,,,,,,,,,,,,,,,,,,,,,,,,,,,,,,,,,,,,,,,,,,,,,,,,,,,,,,,,,,,,,,,,,,,,,,,,,,,,,,,,,,,,,,,,,,,,,,,,,,,,,,,,,,,3,,,,6385
333514,,,,,,20,,,,,,,,,,,227,13,,,,,,71,437,,85,32,,,,,,,,,8,189,,,,76,,,,,,,,26,132,,,1,,27,,152,489,,,,2,12,,,,,,,,,,,,,,,,10,,,,,,,,,,,,,,,,,,,,,,,,,,,,10,35,19,,,,,29,,55,,58,107,,,,,,,,,,,,,,,,,,,,,,,,,,,,,,,,,,,,,,,,,,,,,,,,,,,,,,,,,,,,,,,,,,,,,,,,,,,,,,,,,,,,,,,,,,,,,,,,,,,,,,,,,,,,2,,,,10307
333517,,,,,,,,,,,,,,,,,,,,,,,,,102,,,,,756,,19,12,,,,87,,,,,,,,42,27,,,,,,,,,,1,,,,177,84,,,,,,,,,,,212,,,,,,,,,,,,,,,,,,,,,,,,,,,,,,,,,,,,,,,,,,,,,,,210,,,,,,,,,,,,,,,,,,,,,,,,,,,,178,,,,,,,,,,,,,,,,,,,,,,,,,,,,,,,,,,,,,,,,,,,,,,,,,,,,,,,,,,,,,,,,,,,,,,,,,,,,,,,,,,,,5,7601
33351B,4,2,2,3,1,2,0,1,0,1,,0,4,1,1,,1,34,0,25,,6,7,10,11,,7,4,3,53,13,103,55,2,18,2,484,352,45,4,32,7,2,47,7,13,,12,13,9,85,1,,13,2,14,6,264,364,334,661,13,,,12,2,8,35,6,4,1,29,59,1,0,0,0,7,2,2,3,4,2,9,0,3,3,6,2,2,14,0,,0,1,3,1,1,2,3,7,1,0,3,40,0,3,2,49,3,19,2,0,2,12,21,21,1,21,39,7,31,0,4,,,1,7,4,,,1,1,2,0,1,,2,3,1,21,13,8,1,,1,24,1,2,36,25,,,,,,,,1,0,2,,,,,1,,,5,,5,,,1,,16,1,0,,,0,,0,0,0,1,,,1,7,9,14,7,1,1,1,4,,2,0,,,0,,0,1,3,3,2,,,,,,0,,1,4,1,,19,13,7,2,6,2,4,22,0,1,,8384
333611,,,,,,,,,,,,,,,,,,,,,,,,,,,,,,,,,,,,,,,,,,,,,,,,,8,,,,,,,,,,,,,1174,,,88,,,,,,,,,,,,,,,,,,,,,,,,,,,,,,,,,,,,,,,,,,,,,,,,,,,,,,,,,,,,,,,20,,,,,,,,,,,,,,,,,,,,,,,,,,,,,,,,,,,,,,,,,,,,,,,,,,,,,,,,,,,,,,,,,,,,,,,,,,,,,,,,,,,,,,,,,,,,,,,,,,,,,,,,12065
333612,,,,15,,,,,,,,,,,,,,,,,,,,,,,,,,,,,,,,,,,,,,,,,,103,30,236,147,3,96,,,26,,,,,,59,33,183,4,3,86,,,94,78,34,,85,85,,,,,,,,,,88,49,,,,,,,,,,,,,,,22,,,,,,,,,,,,,,,,71,7,1769,,,62,92,,,,,,25,9,,,,,,,,,,,,,,,,,,,,,,,,,,,,,,,,,,,,,,,,,,,,,,,,,,,,2,,,,,,,,,,,,,,,,,,,,7,,,,,,,,,,,,,,,,,,,,,,,,,,,,,,,,3031
333613,,,,69,,,,,,,,,,,,,,,,,,,,,,,,,,,,,,,,,1,,,,,11,,,0,,,,,7,64,,,,,,,,,,,12,807,540,508,,,503,,8,,6,148,,,,,,,,,,,,,,,,,,,,,,,,,,27,,,,,,,,,64,396,767,,,,,,,,,,930,,,,,,,17,176,,,,,,,,,,,,,,,,,,,,,,,,,,,,,,,,,,,,,,,,,,,,,,,,,,,,4,,,,,,,,,,,,,,,,,,,,26,,,,,,,,,,,,,,,,,,,,,,,,,,268,,,,,,4936
333618,,,,3,,,,,,,,,,,,,,,,,,,,,,,,,1,,,,,,,,,,,,,,,,,164,178,1585,534,,,,,,,1,,,,0,0,2,19,42,1698,885,341,12,,,,,,,,,,,,,,,,,,,,,,,,,,,,,,,899,,,,,,,,,1310,2879,2828,,,,,5672,6,159,,,,1,,2,,,,,472,332,,,823,,,,,,,,,,,,,,,,,,,,,,,,,,,,,,,,,,,,,,,,,,,,,,,,,,,,,,,,,,,,,,,,,,,,2,,,,,,,,,,,,,,,,,,,,,,,,,,,,,,,,26159
333912,,,,,,,,,,,,,,,,,,,,,,,,,,,,,,,,,,,,,,,,,,,,,,,,,,36,163,,,,,,,,,,,,,,,502,,,,,,,,,,,,,,,,,,,,,,,,,,,,,,,,,,,,,,,,,,,,,,,,,,,,,109,,,,,,,,,,,,,,,,,,,,,,,,,,,,,,,,,,,,,,,,,,,,,,,,,,,,,,,,,,,,,,,,,,,,,,2,1,,,,,,,,,,,,,,1,1,1,1,,,,,,,,,,,,,,39,,,,,17,,71,,,,8892
333914,,,,,,,,,,,,,,,,,,44,,,,,,,,,,,,,,,,,,,,,,,,,,,,,,,68,39,126,,,122,,,,,,,,,,,,9,123,,,,,212,,,,,,,,,,,,,,,,,,,,,,,,,,,,,,,,,,,,,,,,,,,,,,,,,,,,,,,,,144,,,,,,,,,,,,,,,,,,,,,,,,,,,,,,,,,,,,,,,,,,,,,,,,,,,,,,,,,,,,,,,,,,,,,,,,,,,,,,,,,,,,,,,,,,,,,,,,,,,,,,10,17400
333920,,30,9,21,2,3,2,3,3,4,0,1,2,6,1,,11,3,0,2,5,1,1,4,8,1,2,1,1,14,11,6,2,4,,2,6,6,81,1,6,1,1,4,4,5,2,10,15,,2,,,1,1,3,3,,,0,1,6,,1,1,1,3,172,,0,,3,5,,0,,,,0,,,,0,0,,,,,0,,1,,0,0,3,3,3,1,1,1,2,2,0,1,15,1,2,0,5,66,2,1,,4,6,12,5,4,6,17,18,,3,,,,0,3,2,,,1,4,2,1,3,14,4,7,4,3,2,14,0,,0,,0,1,2,1,3,4,3,1,,4,1,14,20,16,9,22,11,6,3,21,0,9,33,40,31,8,20,20,68,3,1,9,17,1,1,3,2,2,3,,,7,8,13,27,35,9,7,4,13,3,,,2,1,,,1,0,0,58,3,,0,,,1,0,3,12,23,2,1,7,19,13,9,6,2,3,23,6,2,,28500
333991,,,,,,,,,,,,,,,,,,,,,,,,,,,,,,,,,,,,,,,,,,,,,,,,,,,,,,,,,,,,,,,,,,,,,4,,,,,,,,,,,,,,,,,,,,,,,,,,,,,,,,,,,,,,,,,,,,,,,,,,,,,,,,,,,,,,,,,,,,,,,,,,,,,,,,,,,,,,,,,,,,,,,,,,,,,,,,,,,,,,,,,,,,,,,,,,,,,,,,,,,,,,,,,,,,,,,,,,,,,,,,,,,,,,,,,,,3001
333993,,,,,,,,,,,,,,,,,,,,,,,,,,,,,,,,,,,,,,,,,,,,,,,,,,,,,,,,,,,,,,,,,,,,5,,1474,,,,,,,,,,,,,,,,,,,,,,,,,,,,,,,,,,,,,,,,,,,,,,,,,,,,,,,,,,,,,,,,,,,,,,,,,,,,,,,,,,,,,,,,,,,,,,,,,,,,,,,,,,,,1345,,,,,,,,,,,,,,,,,,,,,,,,,,,,,,,,,,,,,,,,,995,,,,,,,,,,,,,6731
333994,,,,,,,,,,,,,,,,,,,,,,,,,,,,,,,,,,,,,18,,181,,,,,,8,,,,,,,,,,,,,,,,,,,,,,,,,,443,,,,,,,,,,,,,,,,,,,,,,,,,,,,,,,,,,,,,,,,,,,,,,,,,,,,,,,,,,,,,,,,,,,,,,,,,,,,,,,,,,,,,,,,,,,,,,,,,,,,,,,,,,,,,,,,,,,,,,,,,,,,,,,,,,,,,,,,,,,,,,,,,,,,,,,,,,,,,,,,,2561
33399A,,,,,,,,,,,,5,,,,,,4,,10,,,2,7,2,,,,3,83,29,40,35,,,,30,19,135,,2,2,,,4,59,10,72,61,62,82,,,28,,12,,6,22,16,6,172,,1,129,5,16,16,,0,5,1265,28,,,,,,,0,,,,0,,,,,,,1,,,,,,,,,,,,,,1,,0,14,54,35,163,12,,,95,30,125,,,89,35,253,3,2,,3,24,3,,,,,,,,,,,,,2,1,,,,,,,,2,45,,,,,,,,,,,,,,,,,,,,,,,,,,,,,,,,,,,,,,,,,,,,,,,,,,,,,,,,,15,,,,,,,,183,,,,,26,0,,,,,,,,,,22650
33399B,,,,,,,,,,,,,,,,,,,,,,,,,,,,,20,,,,,,,,137,,,,,64,,,37,244,104,435,210,80,465,,,114,,7,5,23,92,99,60,5,5,4,91,49,192,643,,38,28,200,1532,,,,,,,,,,,,,,,,,,,,,,,,,,,,,,,,,,,216,1598,124,127,71,,40,315,552,428,,121,691,486,1377,447,28,31,14,106,52,,,,,,,,,,,,,,,,,,,,,,,3,,,,,,,,,,,,,,,,,,,,,,,,,,,,,,,,,,,,,,,,,,,,,,648,,,,,,,,,,,,,,,,,,,,,,,,,,,,,,,,,,,10655
334111,,,,,,,,,,,,,,,,,,,,,,,,,,,,,,,,,,,,,,,,,,,,,,,,,,,,,,18,,,,,,,,,,,,,,,,,,,,33,,421,,13,,,,,,,,,,,,,,,,,,,,,,,,,,,,,,80,537,18,,,,,,,,,,,,,,,,,,,,,,,,,,,,,,,,,,,,,,,,,,,,,,,,,,,,,,,,,,,,,,,,,,,,,,,,,,,,,,,,,,,,,,,,,,,,,,,,,,,,,,,,,,,,,,,,,,,,,,,,,,8156
334112,,,,,,,,,,,,,,,,,,,,,,,,,,,,,0,,,,,,,,,,,,,,,,,,,0,1,,1,,,0,,1,,,,0,0,,,,,,0,,,,,0,,9,246,8,0,4,0,,,,958,38,,,,,,2,10,,,,,,,,,,,,,,,,,0,0,0,,,,,0,0,0,,,1,0,0,1,,,,,,,,,,,0,0,,,,,,,,,,,,,,,,0,,,,,,,,,,,,,,,,,,,,,,,,,,,,,,,,,,,,,,,,,,,,,,0,,,,,,,,,,,,,,,,,,,,,,,,,,,,,,,,,,4,4119
334118,12,4,4,4,1,10,,13,0,5,,,2,0,2,2,,2,,,9,2,1,3,8,3,0,1,4,13,10,1,2,2,4,0,5,5,7,,2,,1,,,,,1,2,1,4,4,,32,1,1,,,,1,1,,,0,,1,1,,,1,,6,,272,42,649,40,91,14,210,72,14,,612,53,42,48,114,52,107,112,,,,,,,,,,,,,,,,,14,114,23,,,,,,1,,,,5,3,,3,,,,,4,1,1,,,5,,1,,1,1,8,1,4,3,1,,1,2,2,,,2,1,,,,1,,,,1,,4,,,9,,10,8,3,4,3,,1,,5,5,1,,,,,,1,,,,2,,,2,,3,17,1,1,,0,261,,41,,,,,,,,,,,,,2,,,,,,,,,,6,,,1,71,1,31,4,,,8074
334210,,,,,,,,,,,,,,,,,,,,,,,,,,,,,,,,,,,,,,,,,,,,,,,,,,,,,,,,,,,,,,,,,,,,,,,,,,,,,117,7,0,,,,,2,,,,,,,,,,,,,,,,,,,,,,,,,,,,,,,,,,,,,,,,,,,,,,,,,,,,,,,,,,,,,,,,,,,,,,,,,,,,,,,,,,,,,,,,,,,,,,,,,,,,,,,,,,,,,,,,,,,,,,,,,,,,,,,,,,,,,,,,,,,,,,,,,,,,5265
334220,,,,,,,,,,,,,,,,,,,,,,,,,,,,,,,,,,,,,,,,,,,,,,,,,,,,6,,13,,,,,,,149,,,,6,,,,,,,,,,,11,830,1423,52,57,69,77,,1599,17,158,98,250,395,,449,,,,,,,,,,,,,,,,8,,,,,,,,,41,,,,,,6570,0,243,791,50,,,,,,,,,,,,,,,,,,,,,,,,,,,,,,,,,,,,,,,,,,,,,,,,,,,,,,,,,,,,,,,,,,,,,,,8,,12,,,,,,,,,,,,,,,,,,,,,,,,,,,,,10,,,,25918
334290,,,,,,,,,,,,,,,,,,,,,,,,,,,,,,,,,,,,,0,,,,,,,,,,,,,,,,,,,,,,,,,,,,,,,,,,,,,,,,,,345,,,,,,,,,,,,,,,,,,,,,,,,,,,,,,,,,,,,,,,,,,,,,,,,,0,,,,,,,,,,,,,,,,,,,,,,,,,,,,,,,,,,,,,,1,,,,,,,,,,,,,,,,,,,,,,,,,,1,,,,,1,,2,,,,,,,,,,,,,,,,,,,,,,,,,,,,,2,,,113,4617
334413,155,176,103,140,9,35,5,127,4,8,7,6,,48,25,4,93,63,3,165,112,46,14,17,22,53,53,47,54,38,539,78,45,83,115,18,167,179,310,19,263,41,27,72,55,69,54,94,234,40,35,90,73,186,19,83,19,41,119,5,40,24,13,28,160,50,155,241,9,13,5,12,164,23,81,114,2,295,17,4176,736,125,460,342,10,35,5,31,42,4,116,9,1,2,43,18,58,19,88,20,26,31,2,17,160,13,280,84,985,57,75,16,3,95,264,1373,175,107,125,95,302,465,182,45,112,9,15,101,82,16,1,27,109,52,12,57,64,66,120,39,94,29,93,7,8,4,44,12,21,267,150,,,,,,,,,,,,,,,,,,,,,,,,,1423,93,17,,,8,20,29,28,21,46,2,4,,,,1,1,,,,315,26,31,3,82,21,23,18,50,19,163,164,33,2,1,1,4,23,17,122,164,242,151,39,235,254,78,23,65,27,,23,74,25,67,50455
334418,72,24,51,63,4,18,11,63,10,19,6,3,,17,13,2,171,27,2,32,68,18,17,15,27,27,28,25,26,141,40,37,21,44,60,9,81,85,161,9,125,22,12,42,31,34,24,45,116,37,241,9,9,404,9,36,9,18,56,24,27,126,7,15,45,27,72,127,5,6,2,15,83,123,174,88,16,820,95,56,1613,550,285,295,89,94,207,203,370,16,158,22,1,1,23,6,4,9,12,38,117,16,1,10,159,7,527,2,12,22,38,7,2,43,68,62,113,50,91,229,123,30,41,11,,3,8,71,39,7,0,13,55,23,6,32,35,32,53,17,113,55,77,3,,2,55,10,10,147,76,,,,,,,,,,,,,,,,,,,,,,,,,368,49,9,,38,4,8,15,15,12,27,1,10,7,130,148,212,131,20,60,20,143,12,15,1,22,9,13,5,22,8,86,78,25,1,0,0,,11,9,60,76,112,88,20,169,147,42,13,38,14,,221,42,14,9,18510
33441A,24,3,9,7,0,3,2,12,1,3,0,,0,3,2,0,30,6,0,6,5,4,2,5,4,5,3,4,11,24,17,7,4,5,9,1,11,13,24,2,21,3,2,1,4,163,5,110,36,170,155,22,13,189,2,80,32,3,18,32,39,20,1,2,98,26,77,202,1,1,17,80,14,24,113,66,88,478,64,192,702,1496,620,1311,99,94,63,79,129,408,91,44,0,0,4,4,14,10,14,42,77,3,0,1,31,1,769,1,10,6,6,1,0,5,80,1639,1297,12,22,561,207,27,26,101,0,1,2,9,7,1,0,3,9,6,0,5,4,5,6,4,103,48,,0,,0,8,2,1,20,15,4,7,,2,0,15,1,12,7,8,16,18,21,3,6,14,0,7,10,22,26,16,17,9,127,3,1,2,49,0,1,2,3,2,3,,0,2,9,11,21,21,2,9,3,14,2,23,,11,2,4,7,4,3,80,36,4,1,0,0,2,2,1,11,15,32,11,4,28,21,6,2,5,2,1,105,5,2,,25321
334510,,,,,,,,,,,,,,,,,,,,,,,,,,,,,0,,,,,,,,,,,,,,,,,,,0,0,,,,,,,0,,,,0,0,,,,,,0,,,,,,,,,,,,,,,,393,19,,,,,,,,,,,,,,,,,,,,,,,,,,,,,,,,,,,,,,,0,,,,,,,,,,,,,,,,,,223,1,,,,,,,,,0,,,,,,,,,,,,,,,,,,,,,,,,,,,,,,,,,,,,,,,,,,,,,,,,,,,,,,,,,,,,,,,,,,,,,,,,,,,,,,,,,31310
334511,,,,,,,,,,,,,,,,,,,,,,,,,,,,,,,,,,,,,,,,,,,,,,,,,,,,,,0,0,0,,,,,,,,,,,,,,,,,,,,,,,,,,,,18,,,,,,,,,,,,,,,,,,,,,,,,,,,,,,,,,,,,,,4919,150,35,314,28,,1779,542,,,,,,,,,,,,,,,,,,,,,,,,,,,,,,,,,,,,,,,,,,,,,,,,,,,,,,,,,,,,,,,,,,,,,,,,,,,,,,,,,,,,,,,,,,,,,,,,,,,,,,,49918
334512,,,,,,,,,,,,,,,,,,,,,,,,,,,,,,,,,,,,,,,,,,,,,,,,,,,,,,,84,175,,,,,,,,,,,,,,,,,,,,,,,,,,,,,11,,,,,,,,,,,34,186,,,,,,,,,,,,,,,,,,,,,,,10,,,,,,,,,,,,,,,,,,,,,,,,,,,,,,,,,,,,,,,,,,,,,,,,,,,,,,,,,,,,,,,,,,,,,,,,,,,,,,,,,,,,,,,,,,,,,,,,,,,,,,,,,,,,,,,,2857
334513,,,,,4,,1,,,,4,,,,,,,,,,,,,,,,,,2,,,,,,,,69,,1008,,,,,,52,,,3,5,,,,1,1,,4,,,,2,2,,,,1,,3,,,,,26,,0,,0,,,,28,,,,308,,312,426,,,,,,,,,,,,,,47,,,,,,3,1,1,1,,,,,2,2,3,,,4,2,1,8,,,,,,,,,,,,0,,,,,,,,,,,,,,,,1,,,,,,,,,,,,,,,,,,,,,,,,,,,,,,,,,,,,,,,7,7,5,,,,,74,8,4,,,,3,15,,480,23,64,,,1,,,,,,,,,,2,,,,,,,335,,,,10342
334514,,,,,,,,,,,,,,,,,,,,,,,,,,,,,,,,,,,,,,,,,,,,,,,,,,,,,,,,,,,,,,,,,,,,,,,,,,,,,,,,,,,,244,,,148,30,,,,,,,,,,,,,4,,,,,,,226,687,163,,,,,,,,,,,,,,,,,,,,,,,,,,,,,,,,,,,,,,,,,,,,,,,,,,,,,,,,,,,2,,,,,,,,,,,,,,,,,,,,,,,,,,,,,,,,,,,95,,,416,322,,,,,,,,,,,,,,,,,,,,,,,,5136
334515,,,,,,,,,,,,,,,,,,,,,,,,,,,,,,,,,,,,,,,,,,,,,,,,,,,,198,,,,,,,,172,49,,,,,,,,,,,,,,,5,21,266,54,120,22,223,,1240,15,245,234,720,325,,26,,,,,,,,,,,,,,,,103,,,,,,,,,,,,,,,,,,,,,,,,,,,,,,,,,,,,,,,,,,,,,,,,,,,,,,,,,,,,,,,,,,,,,,,,,,,,,,,,,,,,,,,,,,,,,,,,,,,,,,,,,,,,,,,,,,,,,,,,,,,,,11229
334516,,,,,,,,,,,,,,,,,,,,,,,,,,,,,,,,,,,,,,,,,,,,,,,,,,,,,,,,,,,,,,,,,,,,,,,,,,,,,,,,,,,,78,,,,,11,,,,,,,,,,,,,,,,,,,,,,,,,,,,,,,,,,,,,,,,,,,,,,,,,,,,,157,,,,,,,,,,,,,,,,,,,,,,,,,,,,,,,,,,,,,,,,,,,,,,,,,,,,,,,,,,,,,,,,,,,,,,,,,,,,,5,,,,,,,,,,,,,15534
334517,,,,,,,,,,,,,,,,,,,,,,,,,,,,,,,,,,,,,,,,,,,,,,,,,,,,,,,,,,,,,,,,,,,,,,,,,,,,,,,,,,,,66,,,,,,68,,,,,,,,,,,,,,,,,,,,,,,,,,,,,,,,,,,,,,,,,,19,,,,,,,,,,,,,,,,,,,,,,,,,,,,,,,,,,,,,,,,,,,,,,,,,,,,,,,,,,,,,,,,,,,,,,,,,,,,,,,,,,,,,,,,,,,,,,,,,,,,8962
33451A,,,,30,,,,,,,,,,,,,,,,,,,,,,,,,0,,,,,,,,,,,,,,,,,,,0,0,,,,,,,0,,,,0,0,,,,,,0,,,,,0,,,,,,,,,,,,289,,,,,,,437,,,,,26,122,,,,7,,,,,,,,,0,,,,,,0,,,,,0,1135,44,1,1,,,,,,,,,,,,,,,,,,,,,,,,,,0,,,,,,,,,,,,,,,,,,,,,,,,,,,,,,,,,,,,,,,,,,,,,,,,,12,,,,,,,,,,,,,,,,,,,,,,,,,,,,,,,,12002
334300,,,,,,,,,,,,,,,,,,,,,,,,,,,,,,,,,,,,,,,,,,,,,,,,,,,,,,,,,,,,,,,,,,,,,,,,,,,,,0,6,7,5,,17,,3,,,,,,,,159,,,,,,,,,,,,,,,0,197,1571,37,,,,,,,,,,,,,,,,,,,,,,,,,,,,,,,,,,,,,,,,,,,,,,,,,,,,,,,,,,,,,,,,,,,,,,,,,,,,,,,,,,,,,,,7,,,,,,,,,,,,,,,,,,,,,,,,,,,,,,,,,,,3097
334610,,,,1,,,,,,,,,,,,,,,,,,,,,,,,,,,,,,,,,,,,,,,,,,,,,,,,,,3,,,,,,,,,,,,,,,,,,,,10,3,1,,,,,,,,26,,,,,,,,,109,,,,,,,,,,,,,,,,,,,,,,,,,,,8,,,,,,,,,,,,,,,,,,,,,,,,,,,,,,,2,,,,,,,,,,,,,,,,,,,,,,,,,,,,,,,,,,,,,,,,,,,,,,,,,0,,,,,,,,,,,,,,,,,,,,,,,,,,,,,,,0,1927
335110,,,,,,0,,,,,,,,,,,,,,,,,,,,,,,1,,,,,,,,,,,,,,,,,,,1,2,,,,1,,,1,,,,1,1,,,,,,1,,,,,1,,,,,,,,,,,,,,,,,,,,,,211,442,,1,,0,,,,,,,,,17,79,6,1,1,,,,101,,,,1,1,,3,,,,,,,,,,,,0,,,,,,2,0,,,,,,,,1,1,,,,,,,0,1,0,0,1,1,0,1,,,,0,1,5,,,,1,3,0,,,,,,,,,,,,,,,,,,,,,,,,,,,,,,,,,,,,,,,,1,3,1,,,,,,,,0,0,,,,1381
335120,,,,126,,,,,,,,,,,,,9,23,,,,,,,,,,,1,,,,,,,,,,,,,,,,,,,1,1,,,,7,,,1,,,,1,1,,,,50,,1,,,,,1,,,,1,,,,5,,,,,,,,,,,,,,,187,,,,,,,,,,,,,,,,109,,2,,,1,,,,54,0,,2,,,,135,,25,12,,,,,,,,,26,,,4,,,,,,,,,0,,,,,,,,,,,,,,,,,,,,,,,,,,,,,,,,,,,,,,,,,,,,,,,,,16,,,,,,,,,,,,,,,,,,,,,,,11,31,,,,48,,,,11520
335210,,,,,,,,,,,,,,,,,,,,,,,,,,,,,,,,,,,,,,,,,,,,,,,,,,,,,,,,,,,,,,,,,,,,,,,,,,,,,,,,,,,,,,,,,,,,,,,,3,,,,,,,,,,,,,,,,,,,,,,,,,,,,,,,,,,,,,,,,,,,,,,,,,,,,,,,,,,,,,,,,,,,,,,,,,,,,,,,,,,,,,,,,,,,,,,,,,,,,,,,,,,,,,,,,,,,,,,,,,,,,,,,,,,,,216,,,,3311
335220,,,,70,,,,,,,,,,,,,,,,,,,,,,,,,,,,,,,,,,,,,,,,,,,,,,,,,,,,,,,,,,,,,,,,,,,,,,,,,,,,,,,,,,,,,,,,,,,,,10,,,,,,,,,,,,,,,,4,98,,,,,,,,,,,,,,,,,,,,,,,,,,,,,,,,,,,,,,,,,,,,,,,,,,,,,,,,,,,,,,,,,,,,,,,,,,,,,,,,,,,,,,,,,,,,,,,,,,,,,,,,,,,,,,,,,,,,,,20478
335311,,,16,,,0,,,,,,,,,,,,,,,,,,,,,,,2,,,,,,,,,,,,,,,194,,,,5,3,1,16,,,1,,10,,27,2,3,4,,,,,3,3,26,,17,3,6,,,,,,2,,,1,1,8,,,1,1,6,1,91,1,,,,254,1,3,6,5,,,,,,,,,,,,,,,,,3,,,,2,1,,7,,,,,,,,4,,,,,,,,,,1,1,,,,,,,,80,2,,,,,,,1,1,0,0,0,0,0,0,,,,0,0,2,,,,,1,0,0,,,,,,,,,,,,,,,,,,,,,,,,,,,,0,0,,0,,,,,,,24,0,2,0,,0,0,,,,,0,,,,,5205
335312,,,,,,,,,,,,,,,,,,,,,,,,,,,,,3,,,,,,23,,353,,,,226,11,,,164,131,12,121,50,30,427,3,15,205,52,978,251,,,121,114,253,12,20,70,434,1005,233,96,37,,71,202,,2,7,14,20,10,30,1,23,10,150,0,9,6,9,51,1,103,,,,,246,492,,1755,,,,,,,,24,,,0,,,,,4,4,9,,,98,3,195,11,,16,,12,207,61,,,,,,,,,,,,162,142,,,,,,,,,2,,,,,,,,,,,,,,,,,,,,,,,,,,,,,,,,,,,,,,,,,,,,,,,,,,,,,,,,,,,,,,,,,,,,,,,,,,,,,,,,,8965
335313,,,,,,,,,,,,,,,,,,,,,,,,,,,,,1,,,,,,,,,,,,,,,,,0,,1,2,4,,,,0,,1,0,,,1,1,,,,88,,1,4,,,,3,,,,2,,,,8,,,,2,,,,,,,,,,,,,,,,233,140,,,,,,,,,,,,,,,1,,,,45,1,,3,,,,127,,,,,,,,,,,,,,,0,,,,,,,,,0,,,,,,,,,,,,,,,,,,,,,,,,,,,,,,,,,,,,,,,,,,,,,,,,,,,,,,,,,,,,,,,,,,,,,,,,,,,,,154,,,18,11163
335314,16,10,29,6,0,5,2,35,3,7,1,1,,8,4,1,85,45,1,21,13,9,9,4,,16,8,9,34,68,59,17,10,,24,4,21,25,63,5,50,8,6,6,11,18,18,137,34,45,584,11,,12,4,271,8,3,56,201,182,67,2,5,3,86,358,950,2,201,98,226,31,,0,1,0,4,53,3,48,50,16,6,1,49,24,210,70,1,54,1,0,0,9,10,86,4,83,429,1365,24,0,5,54,2,7,,,21,,5,1,27,50,8,79,30,34,223,31,,42,,,4,10,59,23,,,9,17,4,2,8,4,11,9,8,10,7,11,0,,1,,2,3,38,25,6,35,,12,2,46,8,37,19,,50,87,58,,35,92,,43,55,46,,,46,,341,15,4,,,1,3,6,7,4,7,0,0,,72,70,118,58,,37,8,61,1,53,,10,4,,4,9,268,34,199,10,4,2,1,7,5,1,,34,36,,9,110,11,7,2,11,71,,4,,2,,10662
335911,,,,16,,,,,,,,,,,,,,,,,,,,,,,,,,,,,,,,,,,,,,,,,,103,,167,,,,,,,,,,,,,,,,,,,,293,118,,,,,14,6,8,,,,,,,,,,,,,,,,,,,,,,,,,,58,,,,,,87,1487,75,,,,,,,,,,,,,,,,,,,,,,,,2,,,,,,,,,,,,,,,,,,,,,,,,,,,,,,,,,,,,,,,,,,,,,,,,,,,,,,,,,,,,,,,,,,13,,,,,,,,,,,,,,,,,,,,,,,,,,,,,,,,7434
335912,,,,,,,,,,,,,,,,,,,,,,,,,,,,,,,,,,,,,,,,0,,,,,,,,,,,,,,,,,,,,,,,,,,,,,,,,,,9,7,1,,0,,,,,,0,,,,1,,,,,,,0,,,,,,,,12,,,,,,,,,,,,,0,,,,,,,,,,,,,,,,,,,,,,,,,,,,,,,,,,,,,,,,,,,,,,,,,,,,,,,0,,,,,,,0,,,,,,,,,,,,,,,,,,,,,,,,,,,,,,,,,,,,,,,,,,,,,,,,,,,,,,1982
335920,,,,,,,,,,,,,,,,,26,,,2,,108,47,,,,,,4,,6,,,,45,78,38,,,110,348,,,3,45,3,,5,9,3,2,,,178,,46,8,,,4,3,,,,226,,6,,3,,,4,,,,5,4,62,9,6,12,74,77,122,1,12,8,14,14,31,89,2,,,13,,2,33,29,,,,,285,125,,32,,,0,263,,,,28,115,124,16,347,145,60,130,15,62,,,,,,,,,,,,,,,,,,7,,,,,,,,,5,,,,,,,,,,,,,,,,,,,,,,,,,,,,,,,,,,,,,,,,,,,,,,,,,,,,,,,,,,,,,,,,,,,,,,,,,,,,,80,,,,11261
335930,,,,10,,6,,,,,,,,,,,,,,,,,,,,,,,3,,,,,,,,,,,,,,,,,,,3,6,,,,,154,,107,29,,,3,2,,,,157,,4,,,,,7,,2,3,7,0,25,9,29,15,105,,16,7,36,4,59,70,,57,5,,,242,51,555,22,,,,,,10,527,,226,,,,,,1,59,84,306,516,,,598,132,487,10,,,,,,,,,,,,,,,,,,150,77,,1,,,,,,,11,,,,,,,,,,,,,,,,,,,,,,,,,,,,,,,,,,,,,,,,,,,,,,,,,,,,,,,,,,,,,,,,,,,,,,,,,,,,,2,,,,12979
335991,,,,15,,,,,,,,,,,,,375,53,24,,,,,43,,,,,,,,,,,,,,,,,,,,,,,,,,,,,,,,,,,,,,,,,,,,,,,,,,,,,,,,,,,,,,,,,,,,,,,,,,,17,,,,63,,,12,,,,,,,,,,,,,,,,240,1,112,,,,,,,,,,,,,,,,,,,,,,,,,,,,,,,,,,,,,,,,,,,,,,,,,,,,,,,,,,,,,,,,,,,,,,,,,,,,7,,,,7,,,72,,,,,,,,,,,,,,,,,,,65,,,,,,3299
335999,,,,,,,,,,,,,,,,,,,,,,,,,,,,,1,,,,,,,,,,,,,,,,,,,1,1,,,,,497,,3,3,,,44,30,,,,130,1,1,,,,1,507,,106,16,39,3,1,,33,0,0,157,90,0,1,0,1,3,,3,0,,,1,1,1,77,8,,,,,,11,,161,,,,,,0,7,1,10,5,,,8,1,,2,,,,,,,,,,,,,,,,,,0,0,,,,,,,,,0,,,,,,,0,1,0,,,,0,,,,,,0,,,,,,,0,,,,,,,,,,,,,,,,,,,,,,,,,,,,,,,,,,,,,,,,,0,0,,,,,,,,,,,,,10755
336111,,,,,,,,,,,,,,,,,,,,,,,,,,,,,,,,,,,,,,,,,,,,,,,,,,,,,,,,,,,,,,,,,,,,,,,,,,,,,,,,,,,,,,,,,,,,,,,,,,,,,,,,,,,,14,,,,,,,,,,,,,,,,,,,,,,,,,,,,,,,,,,,,,,,,,,,,,,,,,,,,,,,,,,,,,,,,,,,,,,,,,,,,,,,,,,,,,,,,,,,,,,,,,,,,,,,,,,,,,,,,,,,,,,,,,,,,32781
336112,,,,,,,,,,,,,,,,,,,,,,,,,,,,,,,,,,,,,,,,,,,,,,,,,,,,,,,,,,,,,,,,,,,,,,,,,,,,,,,,,,,,,,,,,,,,,,,,,,,,,,,,,,,,,,,,,,,,,,,,,,,,,,,,,,,,,,,,,,,,,,,,,,,,,,,,,,,,,,,,,,,,,,,,,,,,,,,,,,,,,,,,,,,,,,,,,,,,,,,,,,,,,,,,,,,,,,,,,,,,,,,,,,,,,,,,215421
336120,,,,1,,,,,,,,,,,,,,,,,,,,,,,,,,,,,,,,,,,,,,,,,,,,109,24,,,,,,,,,,,,,,,,,,,1,,,,,,,,,,,,,,,,,,,,,,,,,,,,,,,,,,,,,,,,,,844,561,102,17,184,,,,,,,,,,,,,,,,,,,,,,,,,,,,,,,,,,,,,,,,,,,,,,,,,,,,,,,,,,,,,,,,,,,,,,,,,,,,,,,,,,,,,,,,,,,,,,,,,,,,,,,,,,,,,,,,,,,,,,29382
336211,,,,,,,,,,,,,,,,,,,,,,,,,,,,,,,,,,,,,,,,,,,,,,,,4,,,,,,,,,,,,,,,,,,,,,,,,,,,,,,,,,,,,,,,,,,,,,,,,,,,,,,,,,,,,559,2893,13,462,488,,,,,,,,,,,,,,,,,,,,,,,,,,,,,,,,,,,,,,,,,,,,,,,,,,,,,,,,,,,,,,,,,,,,,,,,,,,,,,,,,,,,,,,,,,,,,,,,,,,,,,,,,,,,,,,,,,,,,,,,10556
336212,,,,1,,,,,,,,,,,,,,,,,,,,,,,,,,,,,,,,,,,,,,,,,,,,139,,,,,,,,,,,,,,,,,,,,1,,,,,,,,,,,,,,,,,,,,,,,,,,,,,,,,,,,,,,,,,,,,33,,,,,,,,,,,,,,,,,,,,,,,,,,,,,,,,,,,,,,,,,,,,,,,,,,,,,,,,,,,,,,,,,,,,,,,,,,,,,,,,,,,,,,,,,,,,,,,,,,,,,,,,,,,,,,,,,,,,,,,,10606
336213,,,,,,,,,,,,,,,,,,,,,,,,,,,,,,,,,,,,,,,,,,,,,,,,,,,,,,,,,,,,,,,,,,,,,,,,,,,,,,,,,,,,,,,,,,,,,,,,,,,,,,,,,,,,,,,,,10,,,,,,,,,,,,,,,,,,,,,,,,,,,,,,,,,,,,,,,,,,,,,,,,,,,,,,,,,,,,,,,,,,,,,,,,,,,,,,,,,,,,,,,,,,,,,,,,,,,,,,,,,,,,,,,,,,,,,,,6185
336214,,,,,,,,,,,,,,,,,,,,,,,,,,,,,,,,,,,,,,,,,,,,,,,,,,,,,,,,,,,,,,,,,,,,,,,,,,,,,,,,,,,,,,,,,,,,,,,,,,,,,,,,,,,,,,,,51,,2142,,,,,,,,,,,,,,,,,,3,,,,,,,,,,,,,,,,,,,,,,,,,,,,,,,,,,,,,,,,,,,,,,,,,,,,,,,,,,,,,,,,,,,,,,,,,,,,,,,,,,,,,,,,,,,,,,,,,,,,16179
336310,9,7,5,5,0,0,4,27,2,7,1,,,4,,,,1,,1,,,1,2,,,,,,9,5,,1,,,,2,0,6,,2,,,,,53,792,278,116,1,3,,,,,1,,,2,1,2,15,,,1582,2,3,54,,,,4,,,,,,,,,,,1,,,0,,,2,,,,,,,,,,514,,1,,,,3,,,3577,15145,501,,,0,2,8,4,268,2,,14,18,,34,,,,1,1,1065,,,720,2,,,,,,4,,2,1,,1,,,,,,4,2,1,2,,,,3,2,,2,1,21,32,4,9,2,5,,56,2,5,,17,6,2,95,8,1,9,,,,,,,,,,,7,6,12,3,,,,11,,,,,,,,,,2,,,2,1,1,,0,0,,3,3,1,,1,,,,,,,3,,,,38178
336320,21,,9,8,,,2,38,2,11,2,,,,,1,17,,,,,,,,,,,,43,,,,,,,,,,,,,,,,,1092,73,285,1,,,,,2,,5,,,,1,1,176,,,100,,1,,,,,1,,2,0,0,,180,10,2,0,55,2,63,0,3,5,18,10,3,25,3,,,,,,,,,,,,,,,4,486,3269,350,220,151,0,35,1064,2898,958,,13,359,601,,4,,,,,109,,,,16,,11,3,,,,,,,0,,,,,,,,,1,,3,,,,4,,,,,5,1,4,,2,8,,31,,,,,,6,22,2,,,,,,,1,,,,,,17,16,5,,,,,14,,,,,,,,,,1,,,,,,,,,,,,,,,,,,,,,4,,,1,23963
336350,22,8,8,7,0,1,4,32,4,9,3,,,5,1,1,13,2,0,4,,1,1,2,,3,,1,1,15,11,3,2,,2,,4,1,9,,3,2,,,1,261,293,946,9,1,6,,,1,,2,,1,3,1,3,,1,,1,2,4,4,0,,,5,,,,,,1,,1,0,,2,1,,1,,,2,,,,,,,,,,0,,1,,,,4,,,1618,14962,2653,164,7,0,1,2435,8,32,3,2,7,901,2,,1,,,1,4,3,,,1,4,14,4,2,,3,10,2,4,4,,1,,,2,0,,7,2,1,4,,1,0,6,2,1,2,3,38,56,37,14,4,3,0,91,2,29,,38,17,5,152,12,2,12,27,0,,,1,,,,,1,10,10,16,5,1,2,1,17,1,38,,3,1,1,,,1,3,1,,3,2,1,11,0,1,3,4,5,1,,2,2,,,1,,,6,2,,,41482
336360,,,,,,,,,,,,,,,,,,,,,,,,,,,,,,,,,,,,,,,,,,,,,,,,565,,,,,,,,,,,,,,,,,,,,,,,,,,,,,,,,,,,,,,,,,,,,,,,,,,,,,,,,,,,,3983,19567,3078,395,13,,,,,,7846,,,,575,,6,,,,,,,,,,,,,,,,0,,,,,,,,,,,,,,,,,,,,,,,,,,,,,,,,,,,,,,,,,,,,,,,,,,,,,,,,,3,,,,,,,,,,1,,,,,,,,,,,,,,,,,,,,,,,,,30523
336370,,,,,,,,,,,,,,,,,,,,,,,,,,,,259,,,,,,,,,,,,,,,,,,,,,,,,,,,,,,,,,,,,,,,,,,,,,,,,,,,,,,,,,,,,,,,,,,,,,,,,,,,,,,,,2778,26132,197,383,2,0,,705,106,173,5,589,2560,176,,,,,,,,,,,,,,,,,,,,,,,,,,,,,,,,,,,,,,,,,,,,,,,,,,,,,,,,,,,,,,,,,,,,,,,,,,,,,,,,,,,,,,,,,,,,,,,,,,,,,,,,,,,,,,99,35554
336390,497,219,133,684,1,24,14,186,12,34,4,,,26,17,5,245,83,3,66,,37,9,56,29,,,38,24,234,145,,40,24,92,,97,23,164,,111,33,,,39,301,39,1080,162,,185,,,178,,80,283,,,27,14,115,1,,266,54,133,760,8,,,129,,4,4,5,7,175,,22,1,38,70,109,,20,,55,56,,,4,0,,,,,,21,,48,32,,15,120,,,1547,6985,1130,405,1817,25,2625,1181,483,2178,140,211,9623,570,865,,39,,,21,89,94,,,416,89,99,3,43,31,61,39,39,238,124,,5,,3,80,9,,198,70,,190,,53,11,3,36,,69,128,398,452,20,8,139,93,0,50,77,11,,12,165,,1714,78,1,7,30,11,11,,39,,,1,,3,229,287,505,161,,,,109,,,50,81,22,,,,34,205,226,,2,1,8,8,3,12,137,162,341,89,,122,136,,,,,,343,1,,,61210
3363A0,31,,4,60,,0,3,23,1,9,1,,,4,,0,3,1,,2,,,0,4,,,,,,5,3,,2,,2,,2,1,8,,,1,,,1,513,326,552,42,,7,,,,,1,,,,1,2,,,,1,3,3,5,,,,6,,,,,,1,,0,0,,2,,,0,,,,,,,,,,,,,0,,1,,,,,,,802,4940,816,236,212,2,302,1333,4,3399,2,,706,1490,4,,1,,,1,,,,,44,2,,,1,,,3,2,3,3,,1,,,2,,,10,,,1,7,,,2,,,,1,21,26,11,6,2,3,,46,10,7,,,,,82,6,2,7,,,,,,,,,,,7,4,9,,,,,6,,5,,,,,,,1,2,,,2,1,1,9,,,,2,6,1,,,1,,,,,,,,,,25339
336411,,,,,,,,,,,,,,,,,,,,,,,,,,,,,,,,,,,,,,,,,,,,,,,,,,,,,,,,,,,,,,,,,5,,,,,,,,,,,,,,,,,,,,,,,,,,,,,,,,,,,,,,,,,,,,,,,,,,,,,,,,,3392,2,4,,,,,,,,,,,,,,,,,,,,,,,,,,,,,,,,,,,,,,,,,,,,,,,,,,,,,,,,,,,,,,,,,,,,,,,,,,,,,,,,,,,,,,,,,,,,,,,,,,,,,,,,,,,,134840
336412,,,,,,,,,,,,,,,,,,,,,,,,,,,,,,,,,,,,,,,,,,,,,,,,,,,,,,,,,,,,,,,,,92,,,,,,,,,,,,,,,,,,,,,,,,,,,,,,,,,,,,,,,,,,,,,,,,,,,,,,,,,6289,13810,663,,,,,,,,,,,,,,,,,,,,,,,,,,,,,,,,,,,,,,,,,,,,,,,,,,,,,,,,,,,,,,,,,,,,,,,,,,,,,,,,,,,,,,,,,,,,,,,,,,,,,,,,,,,,43359
336413,,,,,,,,,,,,,,,,,,,,,,,,,,,,,,,,,,,,,,,,,,,,,,,,,,,,,,,,,,,,,,,,,,,,,,,,,,,,,,,,,,,,,,,,,,,,,,,,,,,,,,,,,,,,,,,,,,,,,,,,,,17485,1560,7789,,,,,,,,,,,,,,,,,,,,,,,,,,,,,,,,,,,,,,,,,,,,,,,,,,,,,,,,,,,,,,,,,,,,,,,,,,,,,,,,,,,,,,,,,,,,,,,,,,,,,,,,,,,,40746
336414,,,,,,,,,,,,,,,,,,,,,,,,,,,,,,,,,,,,,,,,,,,,,,,,,,,,,,,,,,,,,,,,,,,,,,,,,,,,,,,,,,,,,,,,,,,,,,,,,,,,,,,,,,,,,,,,,,,,,,,,,,,,,115,237,,,,,,,,,,,,,,,,,,,,,,,,,,,,,,,,,,,,,,,,,,,,,,,,,,,,,,,,,,,,,,,,,,,,,,,,,,,,,,,,,,,,,,,,,,,,,,,,,,,,,,,,,,17616
33641A,,,,,,,,,,,,,,,,,,,,,,,,,,,,,,,,,,,,,,,,,,,,,,,,,,,,,,,,,,,,,,,,,,,,,,,,,,,,,,,,,,,,,,,,,,,,,,,,,,,,,,,,,,,,,,,,,,,,,,,,,,,,,2433,3372,,,,,,,,,,,,,,,,,,,,,,,,,,,,,,,,,,,,,,,,,,,,,,,,,,,,,,,,,,,,,,,,,,,,,,,,,,,,,,,,,,,,,,,,,,,,,,,,,,,,,,,,,,7324
336500,,,,,,,,,,,,,,,,,,,,,,,,,,,,,,,,,,,,,,,,,,,,,,,,10,,,,,,,,,,,,,,,,,,,,,,,,,,,,,,,,,,,,,,,,,,,,,,,,,,,,,,,,,,,,,,,,,,,,,,,,,,,,,,,2739,,,,,,,,,,,,,,,,,,,,,,,,,,,,,,,,,,,,,,,,,,,,,,,,,,,,,,,,,,,,,,,,,,,,,,,,,,,,,,,,,,,,,,,,,,,,,,,,,,,,,,,,,12655
336611,,,,,,,,,,,,,,,,,,,,,,,,,,,,,,,,,,,,,,,,,,,,,,,,,,,,,,,,,,,,,,,,,,,,,,,,,,,,,,,,,,,,,,,,,,,,,,,,,,,,,,,,,,,,,,,,,,,,,,,,,,,,,,,,5,,,,,,,,,,,,,,,,,,,,,,,,,,,,,,,,,,,,,,,,,,,,,,,,,,,,,,,,,,,,,,,,,,,,,,,,,,,,,,,,,,,,,,,,,,,,,,,,,,,,,,,,24878
336612,,,,,,,,,,,,,,,,,,,,,,,,,,,,,,,,,,,,,,,,,,,,,,,,,,,,,,,,,,,,,,,,,,,,,,,,,,,,,,,,,,,,,,,,,,,,,,,,,,,,,,,,,,,,,,,,,,,,,,,,,,,,,,,,4,12,,,,,,,,,,,,,,,,,,,,,,,,,,,,,,,,,,,,,,,,,,,,,,,,,,,,,,,,,,,,,,,,,,,,,,,,,,,,,,,,,,,,,,,,,,,,,,,,,,,,,,,10214
336991,,,,,,,,,,,,,,,,,,,,,,,,,,,,,,,,,,,,,,,,,,,,,,,,,,,,,,,,,,,,,,,,,,,,,,,,,,,,,,,,,,,,,,,,,,,,,,,,,,,,,,,,,,,,,,,,,,,,,,,,,,,,,,,,,,1641,,,,,,,,,,,,,,,,,,,,,,,,,,,,,,,,,,,,,,,,,,,,,,,,,,,,,,,,,,,,,,,,,,,,,,,,,,,,,,,,,,,,,,,,,,,,,,,,,,,,,,7230
336992,,,,,,,,,,,,,,,,,,,,,,,,,,,,,,,,,,,,,,,,,,,,,,,,,,,,,,,,,,,,,,,,,,,,,,,,,,,,,,,,,,,,,,,,,,,,,,,,,,,,,,,,,,,,,,,,,,,,,,,,,,,,,,,,,,,316,,,,,,,,,,,,,,,,,,,,,,,,,,,,,,,,,,,,,,,,,,,,,,,,,,,,,,,,,,,,,,,,,,,,,,,,,,,,,,,,,,,,,,,,,,,,,,,,,,,,,5876
336999,,,,10,,,,,,,,,,,,,,,,,,,,,,,,,45,,,,,,,,3,,,,,,,,1,,,,,,,,,,,,,,,,,,,,,,,,,,,,,,,,,,,,,,,,,,,,,,,,,,,,,,,,,,,,,,,,,,,,1,427,,,,,,,,,,,,,,,,,,154,,,,,,,,,,,,,,,,,,,,,,,,,,,,,,,,,,,,,,,,,,,,,,,,,,,,,,,,,,,,,,,,,,,,,,,,,,,,,,,,,,,,,,,,,,,,,,,,,,,,7917
337110,,10,,153,,,,,,,,,,,,,,,,,,,,,,,,,,,,,,,,,,,,,,,,,,,,,,,,,,,,,,,,,,,,,295,,,,,,,,,,,11,,,,20,,,,,,,,,,,,,,,,,,,,,,,,,,,,,,,,,,,,,,29,,,,,,,,,,,,,,,132,,0,,,,436,,,,,,,,,,,,,,,,,,,,,,,,,,,,,,,,,,,,,,,,,,,,,,,,,,,,,,,,,,,,,,,,,,,,,,,,,,,,,,,,,,,,,,,,,314,,,,14403
337121,,,,155,,,,,,,,,,,,,,,,,,,,,,,,,,,,,,,,,,,,,,,,,,,,,,,,,,,,,,,,,,,,,,,,,,,,,,,,,,,,,,,,,,,,,,,,,,,,,,,,,,,,,,,,,,,,,,,,,,,,,,,,,,,,,,,,,,24,,,,,,,,,,,,,,,,,,,,,,,,,,,,,,,,,,,,,,,,,,,,,,,,,,,,,,,,,,,,,,,,,,,,,,,,,,,,,,,,,,,,,,,,,,,,,,,,,,11814
337122,,,,204,,,,,,,,,,,,,,,,,,,,,,,,,,,,,,,,,,,,,,,,,,,,,,,,,,,,,,,,,,,,,,,,,,,,,,,,,,,,,,,,,,,,,,,,,,,,,,,,,,,,,,,,,,,,,,,,,,,,,,,,,,,,,,,,,,,540,,,,,,,,,,,,,,,,,,,,,,,,,,,,,,,,,,,,,,,,,,,,,,,,,,,,,,,,,,,,,,,,,,,,,,,,,,,,,,,,,,,,,,,,,,,,,,,,,3829
337127,,,,,,,,,,,,,,,,,,,,,,,,,,,,,,,,,,,,,,,,,,,,,,,,,,,,,,,,,,,,,,,,,,,,,,,,,,,,,,,,,,,,,,,,,,,,,,,,,,,,,,,,,,,,,,,,,,,,,,,,,,,,,,,,,,,,,,,,35,,,,,,,,,,,,,,,,,,,,,,,,,,,,,,,,,,,,,,,,,,,,,,,,,,,,,,,,,,,,,,,,,,,,,,,,,,,,,,,,,,,,,,,,,,,,,,,,4646
33712N,,,,8,,,,,,,,,,,,,,,,,,,,,,,,,,,,,,,,,,,,,,,,,,,,,,,,,,0,,,,,,,,,,,,,,,,,,,,,,,,25,6,,,1,,26,,,,,,,,1,,,,,,,,,,,,,,,1,,,,,,,,,,,,,,,10,0,2,,1,,,,,,,,,,,6,,,,91,77,,,,,,,,,,,,,,,,,,,,,,,,,,,,,,,,,,,,,,,,,,,,,,,,,,,,,,,,,,,,,,,,,,,,,,,,,,,,,,,,,,,,,,,,,,3256
337215,,,0,37,,,,,,0,,,,,,,,,,,,,,,,,,,,,,,,,,,,,,,,,,,,,,,,,,,,,,,,,,,,,,,,,,,,,,,,,,,,,,,,,,,,,,,,,,,,,,,,,,,,,,,,,,,,,,,,,,,,,,,,,,,,,,,,,,,274,1074,142,77,70,205,455,,,,,,,,,,,3,,,,,,,,,,,,,,,,,,,,,,,,,,,,,,,,,,,,,,,,,,,,,,0,,,,,,,,,,,,,,,,,,,,,,,,,,,,,,,,,,,,7305
33721A,,,,,,,,,,,,,,,,,,,,,,,,,,,,,,,,,,,,,,,,,,,,,,,,,,,,,,,,,,,,,,,,,,,,,,,,,,,,,,,,,,,,,,,,,,,,,,,,,,,,,,,,,,,,,,,,,,,,,,,,,,,,,,,,,,,,,5,,,,,22,88,,,,,,,,,,,,,,,,,,,,,,,,,,,,,,,,,,,,,,,,,,,,,,,,,,,,,,,,,,,,,,,,,,,,,,,,,,,,,,,,,,,,,,,,,,,,,18714
337900,,,,,,,,,,,,,,,,,,,,,,,,,,,,,,,,,,,,,,,,,,,,,,,,,,,,,,,,,,,,,,,,,,,,,,,,,,,,,,,,,,,,,,,,,,,,,,,,,,,,,,,,,,,,,,,,,,,,,,,,,,,,,,,,301,,,,,,24,,,,,,207,,,,,,,,,,,,,,,,,,,,,,,,,,,,,,,,,,,,,,,,,,,,,,,,,,,,,,,,,,,,,,,,,,,,,,,,,,,,,,,,,,,,,,,,,,,,10062
339112,,,,,,,,,,,,,,,,,,,,,,,,,,,,,,,,,,,,,,,,,,,,,,,,,,,,,,,,,,,,,,,,,,,,,,,,,,,,,,,,,,,,,,,,,,,,,,,,,,,,,,,,,,,,,,,,,,,,,,,,,,,,,,,,,,,,,,,,,,,,,342,62,,6,0,,,,,,,,,,,,,,,,,,,,,,,,,,,,,,,,,,,,,,,,,,,,,,,,,,,,,,,,,,,,,,,,,,,,,,,,,,,,,,,,,,,,,,,39162
339113,,,3,,2,1,2,,,2,3,,,,3,27,,4,,2,,,2,3,,,,,,,4,,,,,,3,,,,,,,,3,2,,,30,4,18,,,0,,,,,,,,,,,4,0,9,,,1,,12,,,,,,,,,,,,,,,,,,,,,,,3,,,,1,,2,,,,13,,4,,,10,,,,,,,,8,,6,6,,,,,,,6,,1,,,,,,,,,,,1362,1324,1,5,,,,,,,,,,,,,,,,,,,,,,,,,,,,,,,,,,,,,,,,,,,,,,,,,,,,,,,,,,,,,,,,,,,,,,,,,,21,7,,13,,,,,,,,,,,28837
339114,,,,,,,,,,,,,,,,,,,,,,,,,,,,,,,,,,,,,,,,,,,,,,,,,,,,,,,,,,,,,,,,,,,,,,,,,,,,,,,,,,,,,,,,,,,,,,,,,,,,,,,,,,,,,,,,,,,,,,,,,,,,,,,,,,,,,,,,,,,,,,0,1,,372,,,,,,,,,,,,,,,,,,,,,,,,,,,,,,,,,,,,,,,,,,,,,,,,,,,,,,,,,,,,,,,,,,,,,,,,,,,,,,,,,,,,,,,4291
339115,,,1,,,,,,,,,,,,,,1,,,,,,,,,,,,,,,,1,,,,2,,,,,,,,,,,,,,,,,,,0,,,1,,,,,,,,,,,,,,,,,,,,,,,,,,,,,,,,,,,,,,,,,,,,,,,,,,,,,,,,1,,2,,1,2,,1,,,,,,1,,,,,,,,,,,,,,1,,1,,,,,,,1,,,,,,,,,,,,,,,,,,,,,,,,,,,,,,,,,,,,,,,,,,,,,,,,,,,,,,,,,,,,,,,,,,,,,,,,,,,44,,,,,,6785
339116,,,,,,,,,,,,,,,,,,,,,,,,,,,,,,,,,,,,,,,,,,,,,,,,,,,,,,,,,,,,,,,,,,,,,,,,,,,,,,,,,,,,,,,,,,,,,,,,,,,,,,,,,,,,,,,,,,,,,,,,,,,,,,,,,,,,,,,,,,,,,,0,12,0,1,,,,,,,,,,,,,,,,,,,,,,,,,,,,,,,,,,,,,,,,,,,,,,,,,,,,,,,,,,,,,,,,,,,,,,,,,,,,,,,,,,,,,,,4866
339910,,,,,,,,,,,,34,,,,,,,,,,,,,,,,,,,,,,,,,,,,,,,,,,,,,,,,,,,,,,,,,,,,,,,,,,,,,,,,,,,,,,,,,,,,,,,,,,,,,,,,,,,,,,,,,,,,,,,,,,,,,,,,,,,,,,,,,,,,,,,,,,,,,,2311,,,,,,,,,,,,,,,,,,,,,,,,,,,,,,,,,,,,,,,,,,,,,,,,,,,,,,,,,,,,,,,,,,,,,,,,,,,,,,,,,,,,,,9378
339920,,,,,,,,,,,,,,,,,,,,,,,,,,,,,,,,,,,,,,,,,,,,,,,,,,,,,,,,,,,,,,,,,,,,,,,,,,,,,,,,,,,,,,,,,,,,,,,,,,,,,,,,,,,,,,,,,,,,,,,,,,,,,,,,,,,,,,,,,,,,,,,,,,,379,,,,,,,,,,,,,,,,,,,,,,,,,,,,,,,,,,,,,,,,,,,,,,,,,,,,,,,,,,,,,,,,,,,,,,,,,,,,,,,,,,,,,9648
339930,,,,,,,,,,,,,,,,,,,,,,,,,,,,,,,,,,,,,,,,,,,,,,,,,,,,,,,,,,,,,,,,,,,,,,,,,,,,,,,,,,,,,,,,,,,,,,,,,,,,,,,,,,,,,,,,,,,,,,,,,,,,,,,,,,,,,,,,,,,,,,,,,,,,1,,,,,,,,,,,,,,,,,,,,,,,,,,,,,,,,,,,,,,,,,,,,,,,,,,,,,,,,,,,,,,,,,,,,,,,,,,,,,,,,,,,,2207
339940,,,,,,,,,,,,,,,,,,,,,,,,,,,,,,,,,,,,,,,,,,,,,,,,,,,,,,,,,,,,,,,,,,,,,,,,,,,,,,,,,,,,,,,,,,,,,,,,,,,,,,,,,,,,,,,,,,,,,,,,10,,,,,,,,,,,,,,,,,,,,,,,,,,,,,378,,,,,,,,,,,,,,,,,,,,,,,,,,,,,,,,,,,,,,,,,,,,,,,,1,,,,,,,,,,,,,,,,,,,,,,,,,,,,,,,,,,,3169
339950,,,,,,,,,,,,,,,,,,,,,,,,,,,,,,,,,,,,,,,,,,,,,,,,,,,,,,,,,,,,,,,,,,,,,,,,,,,,,,,,,,,,,,,,,,,,,,,,,,,,,,,,,,,,,,,,,,,,,,,,,,,,,,,,,,,,,,,,,,,,,,,,,,,,,,11,,,,,,,,,,,,,,,,,,,,,,,,,,,,,,,,,,,,,,,,,,,,,,,,,,,,,,,,,,,,,,,,,,,,,,,,,,,,,,,,,,10202
339990,,,,17,,14,,,,,,1,,,,,2,,,,,1,1,,,,,,,,,,,,,1,2,,,,35,,,,1,,83,6,356,63,425,29,5,71,27,47,15,,,,,153,,,83,35,104,378,,5,,6,109,,,0,,,,2,,,,,,,,,,,,,,,,,,,31,56,373,,,1,,,,92,222,17,,,,,387,118,202,19,,389,548,,,,130,,,,,,,,,,,15,,,,,,2,,0,,8,,,,,1072,,,,,,,2,2,2,2,2,,2,3,,,,3,3,7,,,,1,8,1,,,,,3,,,6,,77,4,,0,,,,,,,3,,,2,,,,1,,10,291,10,,,,,,,,,,16,2,,,,,,,,1,53,,,,25864
311111,,,,,,,,,,,,,,,,,,,,,,,,,,,,,,,,,,,,,,,,,,,,,,,,,,,,,,,,,,,,,,,,,,,,,,,,,,,,,,,,,,,,,,,,,,,,,,,,,,,,,,,,,,,,,,,,,,,,,,,,,,,,,,,,,,,,,,,,,,,,,,,,,,,,,,,,53,,,,,,,,,,,,,,,,,,,,,,,,,,,,,,,,,,,,,,,,,,,,,,,,,,,,,,,,,,,,,,,,,,,,,,,,,,,,,,,,23089
311119,,,,,,,,,,,,,,,,,,,,,,,,,,,,,,,,,,,,,,,,,,,,,,,,,,,,,,,,,,,,,,,,,,,,,,,,,,,,,,,,,,,,,,,,,,,,,,,,,,,,,,,,,,,,,,,,,,,,,,,,,,,,,,,,,,,,,,,,,,,,,,,,,,,,,,,,1,130,,,,,,,,,,,,,,1147,,,,,,,,,,,,,,,,,,,,,,,,,,,,,,,,,,,,,,,,,,,,,,,,,,,,,,,,,,,,,,,,,30795
311210,,,,,,,,,,,,,,,,,,,,,,,,,,,,,,,,,,,,,,,,,,,,,,,,,,,,,,,,,,,,,,,,,,,,,,,,,,,,,,,,,,,,,,,,,,,,,,,,,,,,,,,,,,,,,,,,,,,,,,,,,,,,,,,,,,,,,,,,,,,,,,,,,,,,,,,,495,841,683,,,,239,,303,149,,3,,,,,,2072,2852,579,,,36,1326,,1310,,104,,,,,,,,,,,,,,,,,,,,,,,,,,,,,,,,,,,,,,,,,,,,,,,,,,,,,15154
311221,,,,,,,,,,,470,,,,,,,,,,,,,,,,,,,,,,,,,,,,,,,,,,,,,,,,,,,,,,,,,,,,,,,,,,,,,,,,,,,,,,,,,,,,,,,,,,,,,,,,,,,,,,,,,,,,,,,,,,,,,,,,,,,,,,,,,,,,,,,,,,,,,,,,,,,,,944,288,6,66,82,388,5,964,69,154,51,486,252,197,,,5,1445,377,176,,514,466,136,573,549,,,,,,,,,,,,113,101,85,,,,,,248,,,,,32,,,,,,,,,,,,,,,125,,,,,,,,,180,,,,,,13236
311225,,,,,,,,,,,,,,,,,,,,,,,,,,,,,,,,,,,,,,,,,,,,,,,,,,,,,,,,,,,,,,,,,,,,,,,,,,,,,,,,,,,,,,,,,,,,,,,,,,,,,,,,,,,,,,,,,,,,,,,,,,,,,,,,,,,,,,,,,,,,,,,,,,,,,,,,615,232,24,,153,6,13,86,184,3,47,146,42,5,,,39,793,553,432,,,278,67,,,,,,,,,,,,,,,,,,,,,,,,45,,,86,,,,,2498,0,,,,,,,,1,,,0,,15,,,,,,,,,,,9946
311224,,,,20,,,,,,,,,,,,,,,,,,,,,,,,,,,,,,,,,,,,,,,,,,,,,,,,,,,,,,,,,,,,,,,,,,,,,,,,,,,,,,,,,,,,,,,,,,,,,,,,,,,,,,,,,,,,,,,,,,,,,,,,,,,,,,,,,,,,,,,,,,,,,,,,,,,,1889,3931,42,,4741,2447,2758,573,452,4,76,240,76,5,53,139,70,488,183,2950,,,536,594,74,,,,,,1,,,,27,,,,78,12,,,,,,,,23,8,,181,,,,,,9,,0,,0,,,,434,,569,389,,206,,,,,,,,,,,30215
311230,,,,,,,,,,,,,,,,,,,,,,,,,,,,,,,,,,,,,,,,,,,,,,,,,,,,,,,,,,,,,,,,,,,,,,,,,,,,,,,,,,,,,,,,,,,,,,,,,,,,,,,,,,,,,,,,,,,,,,,,,,,,,,,,,,,,,,,,,,,,,,,,,,,,,,,,,,,,,,3,,,,,,,,,,,,,,,,,,,,,,,,,,,,,,,,,,,,,,,,,,,,,,,,,,,,,,,,,,,,,,,,,,,,,,,,,,9529
311300,,,,,,,,,,,,,,,,,,,,,,,,,,,,,,,,,,,,,,,,,,,,,,,,,,,,,,,,,,,,,,,,,,,,,,,,,,,,,,,,,,,,,,,,,,,,,,,,,,,,,,,,,,,,,,,,,,,,,,,,,,,,,,,,,,,,,,,,,,,,,,,,,,,,,,,,44,265,24,,,,420,6528,58,63,22,366,588,254,,,,1804,1663,64,,195,230,256,391,0,,,,,,,,,,,,,,,,,,,,,,,,,,,,,,,,,,,,,,,,,,,,,,,,,,,,,,,38002
311410,,,,,,,,,,,,,,,,,,,,,,,,,,,,,,,,,,,,,,,,,,,,,,,,,,,,,,,,,,,,,,,,,,,,,,,,,,,,,,,,,,,,,,,,,,,,,,,,,,,,,,,,,,,,,,,,,,,,,,,,,,,,,,,,,,,,,,,,,,,,,,,,,,,,,,,,,,,,,,,,1825,590,,3,,,,,,167,34,120,,46,39,202,,,,,,,,,,,,,,,,,,,,,,,,,,,,,,,,,,,,,,,,,,,,,,,,,,,,,,,,,32322
311420,,,,,,,,,,,,,,,,,,,,,,,,,,,,,,,,,,,,,,,,,,,,,,,,,,,,,,,,,,,,,,,,,,,,,,,,,,,,,,,,,,,,,,,,,,,,,,,,,,,,,,,,,,,,,,,,,,,,,,,,,,,,,,,,,,,,,,,,,,,,,,,,,,,,,,,,,,,,,,202,59,282,4667,,3,,,,,,262,94,30,,6,253,116,295,,,,,,,,,,,,,,,,,,,,,,,,,,,,,,,,,,,,,,,,,,,,,,,,,,,,,,,,39658
311513,,,,,,,,,,,,,,,,,,,,,,,,,,,,,,,,,,,,,,,,,,,,,,,,,,,,,,,,,,,,,,,,,,,,,,,,,,,,,,,,,,,,,,,,,,,,,,,,,,,,,,,,,,,,,,,,,,,,,,,,,,,,,,,,,,,,,,,,,,,,,,,,,,,,,,,,,,,,,,,,2030,,10821,262,27,,,,,105,158,,,,,1,,,,,,,,,,,,,,,,,,,,,,,,,,,,,,,,,,,,,,,,,,,,,,,,,,,,,,,,,42587
311514,,,,,,,,,,,,,,,,,,,,,,,,,,,,,,,,,,,,,,,,,,,,,,,,,,,,,,,,,,,,,,,,,,,,,,,,,,,,,,,,,,,,,,,,,,,,,,,,,,,,,,,,,,,,,,,,,,,,,,,,,,,,,,,,,,,,,,,,,,,,,,,,,,,,,,,,87,173,,,,,,173,,,794,1859,1470,557,,,,211,255,,,,50,52,,,,,,,,,,,,,,,,,,,,,,,,,,,,,,,,,,,7,21,4,31,,,,,,,,,,,,,,,,,,,21566
31151A,,,,,,,,,,,,,,,,,,,,,,,,,,,,,,,,,,,,,,,,,,,,,,,,,,,,,,,,,,,,,,,,,,,,,,,,,,,,,,,,,,,,,,,,,,,,,,,,,,,,,,,,,,,,,,,,,,,,,,,,,,,,,,,,,,,,,,,,,,,,,,,,,,,,,,,,,,,,,,,366,12,13,1072,1008,3996,714,,,,135,186,13,,217,104,104,,,,,,,,,,,,,,,,,,,,,,,,,,,,,,,,,,,,,,,,,,,,,,,,,,,,,,,,,41308
311520,,,,,,,,,,,,,,,,,,,,,,,,,,,,,,,,,,,,,,,,,,,,,,,,,,,,,,,,,,,,,,,,,,,,,,,,,,,,,,,,,,,,,,,,,,,,,,,,,,,,,,,,,,,,,,,,,,,,,,,,,,,,,,,,,,,,,,,,,,,,,,,,,,,,,,,,,,,,,,,,,,,212,,486,,,,,,,,,,,,,,,,,,,,,,,,,,,,,,,,,,,,,,,,,,,,,,,,,,,,,,,,,,,,,,,,,,,7321
311615,,,,,,,,,,,,,,,,,,,,,,,,,,,,,,,,,,,,,,,,,,,,,,,,,,,,,,,,,,,,,,,,,,,,,,,,,,,,,,,,,,,,,,,,,,,,,,,,,,,,,,,,,,,,,,,,,,,,,,,,,,,,,,,,,,,,,,,,,,,,,,,,,,,,,,,,5,,,,,,,,1998,97,,,,,10142,1436,,,,,,,,136,,,,,,,,,,,,,,,,,,,,,,,,,,,,,,,,,,,,,,,,,,,,,,,,,,,,,,,,,67787
31161A,,,,,,,,,,,,,,,,,6,,,,,,,,,,,,,,,,,,,,,,,,,,,,,,,,,,,,,,,,,,,,,,,,,,,,,,,,,,,,,,,,,,,,,,,,,,,,,,,,,,,,,,,,,,,,,,,,,,,,,,,,,,,,,,,,,,,,,,,,,,,,,,,,,,,,,,6,2993,782,17,,72,,7,110,1103,578,24,75,23,2,1198,23020,28,208,205,203,,,145,184,,,,,,,,,,,,,144,,,,,,,,,,,4,,,64,,,,,,,,24,87,37,335,,,,,86,89,,,,,,,,,,,,,149079
311700,,,,,,,,,,,,,,,,,,,,,,,,,,,,,,,,,,,,,,,,,,,,,,,,,,,,,,,,,,,,,,,,,,,,,,,,,,,,,,,,,,,,,,,,,,,,,,,,,,,,,,,,,,,,,,,,,,,,,,,,,,,,,,,,,,,,,,,,,,,,,,,,,,,,,,,,189,245,,,,,,,57,,,,,,,,1842,,,,,,,,,,,,,,,,,,,,,,,,,,,,,,,,,,,,,,,,,,,,,,,,,,,,,,,,,,,,,,,,13836
311810,,,,,,,,,,,,,,,,,,,,,,,,,,,,,,,,,,,,,,,,,,,,,,,,,,,,,,,,,,,,,,,,,,,,,,,,,,,,,,,,,,,,,,,,,,,,,,,,,,,,,,,,,,,,,,,,,,,,,,,,,,,,,,,,,,,,,,,,,,,,,,,,,,,,,,,,,,,,,,,,,,,,,,,,,243,,,,,,,,,,,,,,,,,,,,,,,,,,,,,,,,,,,,,,,,,,,,,,,,,,,,,,,,,,,,,,,52406
3118A0,,,,,,,,,,,,,,,,,,,,,,,,,,,,,,,,,,,,,,,,,,,,,,,,,,,,,,,,,,,,,,,,,,,,,,,,,,,,,,,,,,,,,,,,,,,,,,,,,,,,,,,,,,,,,,,,,,,,,,,,,,,,,,,,,,,,,,,,,,,,,,,,,,,,,,,,,,,,,,3,,,10,,,,26,,,,442,206,75,,17,,2,,,,,,,,,,,,,,,,,,,,,,,,,,,,,,,,,,,,,,,,,,,,,,,,,,,,,,,,,23678
311910,,,,,,,,,,,,,,,,,,,,,,,,,,,,,,,,,,,,,,,,,,,,,,,,,,,,,,,,,,,,,,,,,,,,,,,,,,,,,,,,,,,,,,,,,,,,,,,,,,,,,,,,,,,,,,,,,,,,,,,,,,,,,,,,,,,,,,,,,,,,,,,,,,,,,,,,,,,,,,97,1047,,,,,,1,,,,1,126,295,,,,,,,,,,,,,,,,,,,,,,,,,,,,,,,,,,,,,,,,,,,,,,,,,,,,,,,,,,,,,39283
311920,,,,,,,,,,,,,,,,,,,,,,,,,,,,,,,,,,,,,,,,,,,,,,,,,,,,,,,,,,,,,,,,,,,,,,,,,,,,,,,,,,,,,,,,,,,,,,,,,,,,,,,,,,,,,,,,,,,,,,,,,,,,,,,,,,,,,,,,,,,,,,,,,,,,,,,,,,,,,,,,,417,,,,,,,,11,,,9,,,,,,,,,,,,,,,,,,,,,,,,,,,,,,,,,,,,,,,,,,,,,,,,,,,,,,,,,,,,13325
311930,,,,,,,,,,,,,,,,,,,,,,,,,,,,,,,,,,,,,,,,,,,,,,,,,,,,,,,,,,,,,,,,,,,,,,,,,,,,,,,,,,,,,,,,,,,,,,,,,,,,,,,,,,,,,,,,,,,,,,,,,,,,,,,,,,,,,,,,,,,,,,,,,,,,,,,,,,,,,,2,,,1274,207,149,343,35,,,,,,3,,810,53,23,5278,,,0,,,,,,,,,,,,,,,,,,,,,,,,,,,,,,,,,,,,,,,,,,,,,,,,,,,,,11780
311940,,,,,,,,,,,,,,,,,,,,,,,,,,,,,,,,,,,,,,,,,,,,,,,,,,,,,,,,,,,,,,,,,,,,,,,,,,,,,,,,,,,,,,,,,,,,,,,,,,,,,,,,,,,,,,,,,,,,,,,,,,,,,,,,,,,,,,,,,,,,,,,,,,,,,,,,37,144,,,,,1,,,1585,64,49,108,11,39,703,,,,1,,30,475,79,,,,0,,,,,,,,,,,,,,,,,,,,,,,,,,,,,,,,,,,,,,,,,,,,,,,,,,,,,22242
311990,,,,,,,,,,,,,,,,,,,,,,,,,,,,,,,,,,,,,,,,,,,,,,,,,,,,,,,,,,,,,,,,,,,,,,,,,,,,,,,,,,,,,,,,,,,,,,,,,,,,,,,,,,,,,,,,,,,,,,,,,,,,,,,,,,,,,,,,,,,,,,,,,,,,,,,,,,10,,,,2,96,,985,49,35,82,8,,,,1941,252,7,,52,23,901,12,,,0,,,,,,,,,,,,,,,,,,,,,,,,,,,,,,,1,4,1,6,,,,,,,,,,,,,,,,,,,31959
312110,,,,,,,,,,,,,,,,,,,,,,,,,,,,,,,,,,,,,,,,,,,,,,,,,,,,,,,,,,,,,,,,,,,,,,,,,,,,,,,,,,,,,,,,,,,,,,,,,,,,,,,,,,,,,,,,,,,,,,,,,,,,,,,,,,,,,,,,,,,,,,,,,,,,,,,,,,,,,,,,,,,,,,,,,,,,,,,,13,,,,,,,,,,,,,,,,,,,,,,,,,,,,,,,,,,,,,,,,,,,,,,,,,,,,,,,,45168
312120,,,,,,,,,,,,,,,,,,,,,,,,,,,,,,,,,,,,,,,,,,,,,,,,,,,,,,,,,,,,,,,,,,,,,,,,,,,,,,,,,,,,,,,,,,,,,,,,,,,,,,,,,,,,,,,,,,,,,,,,,,,,,,,,,,,,,,,,,,,,,,,,,,,,,,,,86,,,,,,,,,,,,,2,,,,,,,,,,,,2952,,,,,,,,,,,,,,,,,,,,,,,,,,,,,,,,,,,,,,,,,,,,,,,,,,,,,,,32126
312130,,,,,,,,,,,,,,,,,,,,,,,,,,,,,,,,,,,,,,,,,,,,,,,,,,,,,,,,,,,,,,,,,,,,,,,,,,,,,,,,,,,,,,,,,,,,,,,,,,,,,,,,,,,,,,,,,,,,,,,,,,,,,,,,,,,,,,,,,,,,,,,,,,,,,,,,,,,,,,,,,,,,,,,,,,,,,,,,,,1347,6,,,,,,,,,,,,,,,,,,,,,,,,,,,,,,,,,,,,,,,,,,,,,,,,,,,,,21346
312140,,,,,,,,,,,,,,,,,,,,,,,,,,,,,,,,,,,,,,,,,,,,,,,,,,,,,,,,,,,,,,,,,,,,,,,,,,,,,,,,,,,,,,,,,,,,,,,,,,,,,,,,,,,,,,,,,,,,,,,,,,,,,,,,,,,,,,,,,,,,,,,,,,,,,,,,1127,1482,,,,,,,,,,,,1,,,,,,,,,,,,,4,2662,,,,,,,,,,,,,,,,,,,,,,,,,,,,,,,,,,,,,,,,,,,,,,,,,,,,,19090
312200,,,,,,,,,,,,,,,,,,,,,,,,,,,,,,,,,,,,,,,,,,,,,,,,,,,,,,,,,,,,,,,,,,,,,,,,,,,,,,,,,,,,,,,,,,,,,,,,,,,,,,,,,,,,,,,,,,,,,,,,,,,,,,,,,,,,,,,,,,,,,,,,,,,,,,,,,,,,,,,,,,,,,,,,,,,,,,,,,,,,1407,,,,,,,,,,,,,,,,,,,,,,,,,,,,,,,,,,,,,,,,,,,,,,,,,,,,61142
313100,,,,,0,,,,,,,,,,,,,,,,,,,,,,,,,,,,,,,,,,,,,,,,,,,,,,,,,,,,,,,,,,,,,,,,,,,,,,,,,,,,,,,,,,,,,,,,,,,,,,,,,,,,,,,,,,,,,,,,,65,,,,,,,,,,,,,,,,,,,,,,255,,,,,,,,1,,3,28,,,,,,,,,,,,,,,,,,,,,,,,,,,,,,239,238,215,504,121,193,55,0,,82,12,,7,3,,,35,,,,,,,,,,,,,,,,,,,,,,,,,,,,,,,,,,239,3279
313200,,,16,65,,,,,,,,134,,,28,,,,,,,,,,,,,,,,,,,,,,,,,,,,,,,,,,,,,,,67,,,226,,,,,,,,,,,,,34,,368,,,,,,,,,,,,,,,,,,,,,,,,,,,,,,,,,,,,,,83,,,2,,,,,152,,,,,,,,,,,,,,,,788,20,13,15,8,60,791,209,122,,19,,,0,2,1,119,105,,,,,,,,,,,,,,,,,,,,,,,,,,,,,,,745,1416,590,540,134,1327,9,,976,22,,1,,1364,,120,49,,11,,,,,,,,,,,,,,,,,,,,,,,,,,11,,49,,618,119,10568
313300,,195,,56,41,,0,,0,0,0,,,,,,,,,,,,,,,,,,,,,,,,,,,,,,1,,,,,,,,,,,,,,,,,,,,,,,,,,,,,,,,,,,,,,,,,,1,,,,,,,,,,,,,,,,,,,,,,,,,,,,,,,,,,,544,,,,,,,,,,,,,,,,185,26,48,50,67,296,433,323,514,,,,,101,210,,68,97,,,,,,,,,,,,1,,,,,,,,,,,,,,,,,,0,372,586,22,373,1061,102,23,,598,,,326,29,,47,33,,,1,,,,,,,,,,,,,,,,,,,,,,,,,99,,,41,,,,8557
314110,,14,,15,,,,,,,,,,,,,,,,,,,,,,,,,,,,,,,,,,,,,,,,,,,,,,,,,,,,,,,,,,,,,,,,,,,,,,,,,,,,,,,,,,,,,,,,,,,,,,,,,,,,,,,,170,1506,1,,,1,33,,,,,,,,679,,,,,,,81,,,,,,,,,,,,,,,,,,,,,,,,,,,,,,,,,,,,,,,,,,,,,,,,,,,,,,,60,,,,,,,,,,,,,,,,,,,,,,,,,,,,,,,,,,,,,,,,,,,,,,,,9612
314120,,,,,,,,,,,,,,,,,,,,,,,,,,,,,,,,,,,,,,,,,,,,,,,,,,,,,,,,,,,,,,,,,,,,,,,,,,,,,,,,,,,,,,,,,,,,,,,,,,,,,,,,,,,,,,,,,0,1,,,,,,,,,,,,,,,,,,,,,,,,,,,,,,,,,,,,,,,,,,,,,,,,,,,,,,,,,,,,,,,,,,,,,,,45,,,,,,,,,,,,,,,,,,,,,,,,,,,,,,,,,,,,,,,,,,,,,,,3938
314900,,,3,58,,,,,,,,,68,,,,,,,,,,,,,,,,,,,,,,,,,,,,,,,,,,,,,,,,,,,,,,,,,,,,,,,,,,,,,,,,,,,,,,,,,,,,,,,,,,,,,,0,,,,,,,,,4,57,5,36,0,,,,,,101,,2,,,,,,,467,32,112,,,,10,175,24,4,12,4,13,7,0,0,,,,,,1,,15,,0,51,41,1,1,2,0,1,0,0,0,,0,,,3,,31,,,,,,,13,0,,,,5,,2,78,,192,35,,,,,,,,,,,,,17,,,,,,,,,,,,,,,,,,1,0,,0,0,,,,,0,4,1358,,1,9850
315000,,,,,,,,,,0,,,,,,,,,,,,,,,,,,,,,,,,,,,,,,,,,,,,,,,,,,,,,,,,,,,,,,,,,,,,,,,,,,,,,,,,,,,,,,,,,,,,,,,,,,,,,,,,,,,,,,,,,,,,6,,,,,,,,,,,,,,,,,,,,,,,,,,,,,,,,,,,,,,,,,,,,,,,,,,,,,,,,,,,,,,,,2,18,0,,57,317,0,,,,,,,,,1547,,,,,,,,,,,,,,,,,,,,,,,,,,,,,,,,,,,11586
316000,,,,,,,,,,,,,,,,,,,,,,,,,,,,,,,,,,,,,,,,,,,,,,,,,,,,,,,,,,,,,,,,,,,,,,,,,,,,,,,,,,,,,,,,,,,,,,,,,,,,,,,,,,,,70,146,,,,,,,,,1108,,,,,,,,,,,,,,,,,,,,,,,,,,,,,91,,,,,,,,,,,,,,,,,,,14,,,,,,,,,,,,,,,,,,,,116,131,503,,,,,,,,,203,,11,,,,,,,,,,,,,,,,,,,,,,,,,,,,,,,,,4963
322110,,,,,,,,,,,,,,,,,,,,,,,,,,,,,,,,,,,,,,,,,2,,,,,,,,,,,,,,,,,,,,,,,,,,,,,,,,,,,,,,,,,,,,,,,,,,,,,,,,,,,,,,,,,,,,,,,,,,,,,,,,,,,,,,,,,,,,,,,,,,,,,,,,,,,,,,,,,,,,,,,,,,2,,,,,,,,,,,,,,,,,,,,,,,,,,283,2855,396,526,491,100,433,352,,,,,,,,,,,,,184,,,,,,,,,,,,,,,,,,,,,,1,7436
322120,,,,2,,1,,,,,,1,,,2,2,,,,,,,,,,,,1,4,,,,,,1,1,,0,,1,5,,,,1,0,,0,1,5,9,,1,3,1,3,5,,,0,0,1,,,2,0,0,1,,,,53,1,,,,,1,,0,0,0,,,,,,1,1,,,0,,0,12,3,,77,2,,0,,0,,1,0,1,,,,,,,,2,4,,1,1,27,10,,,,,,,,,,,,,,,,4,,2,,35,34,,1,,,1,1,6,3,4,1,,,,0,,4,17,2,14,6,6,3,8,,,0,11,19,11,,,1,1,23,4,0,,3,,29,4,,,,0,,,164,223,7220,1344,442,505,161,4152,40,,,35,0,,,,1,2,1,0,,0,,,,0,,4,44,7,,65,83,10,58,13,11,3,67,,0,12,36462
322130,38,32,12,58,2,5,4,19,3,5,348,25,4,9,30,6,40,7,0,7,152,5,3,13,11,6,4,4,6,9,30,9,5,9,12,2,20,19,36,2,30,5,3,9,33,8,6,12,24,5,37,3,0,6,2,10,2,5,13,5,6,33,1,3,9,5,17,26,1,1,1,16,17,,0,0,1,18,4,5,7,9,10,21,0,4,3,9,9,7,22,0,2,0,5,4,4,2,3,6,7,3,0,2,30,1,4,13,83,13,8,2,0,12,17,24,30,10,,55,30,34,0,6,3,6,3,14,9,26,,3,12,10,1,6,6,7,14,5,47,28,38,1,,1,10,24,3,75,45,3,14,,5,1,13,7,32,11,17,25,12,21,9,14,49,0,31,40,51,64,17,42,24,148,9,2,6,23,1,2,4,3,2,6,1,1,5,37,43,18954,1147,1170,20,416,163,25,42,3,9,2,,2,5,7,19,20,6,,0,,,3,2,14,17,77,17,4,24,27,15,2,8,2,3,59,9,3,89,32235
322210,389,203,76,127,58,520,10,148,13,27,123,53,9,24,20,7,372,80,3,112,78,46,37,73,68,60,44,43,131,82,71,63,37,27,58,14,89,93,230,38,34,29,23,397,23,23,15,28,68,12,115,3,4,65,106,126,7,12,33,8,15,82,16,9,32,26,605,58,18,4,1,91,74,1,1,1,17,51,18,5,56,49,89,6,1,31,15,15,56,36,64,3,0,11,171,87,284,29,26,17,16,92,51,5,113,2,6,209,1425,203,73,21,4,124,62,53,69,46,178,710,174,324,4,34,8,30,22,83,90,16,,35,302,362,81,104,43,191,146,115,294,226,88,22,20,5,140,58,377,52,397,253,41,211,9,65,64,488,1021,856,381,405,362,653,325,533,919,132,1765,1275,305,44,68,370,523,388,870,322,82,2767,11,106,38,37,22,62,2,12,5,928,811,660,943,724,549,190,1475,51,,7,91,94,,8,8,210,142,408,112,59,143,41,131,29,115,128,251,974,2020,42,614,654,182,41,372,53,180,1757,3,63,1,62202
322220,,7,1,,,0,17,1,,,16,3,,,36,29,4,0,0,2,,,0,1,,,,1,1,2,3,,,1,,4,2,1,2,,11,,,,1,1,1,2,5,1,8,,7,4,1,3,4,1,2,1,1,7,0,1,2,2,5,5,1,0,,5,3,,,0,0,2,,0,1,1,1,1,,0,,1,1,,1,,0,1,6,2,2,1,1,1,1,,0,0,3,0,1,1,5,1,1,,,,2,1,,10,1,61,77,2,,0,0,,0,1,,,,,0,1,,,,,,,3,1,,0,,,1,0,,1,0,257,101,113,71,16,219,30,421,142,20,186,242,101,28,194,302,46,519,269,319,29,9,339,429,13,1,0,0,,,,,,,,0,2,4,835,74,13,66,3,427,14,3865,12,,,,1,,1,,2,11,3,2,1,3,2,12,97,0,1,1,5,3,,109,1,,,,106,0,168,0,0,,20795
322230,,,,,,,,,,,,,,,,,,,,,,,,,,,,,,,,,,,,,,,,,2,,,,,,,1,,0,2,,,,,,,,,,,,,,,,,,,,,,,,,,,,,,,,,,,,,,,,,,,,,,,,,,,,,,,,,,,,,,,,,,,,,,,,,,,,,,,,,,,,,,,,,,,,,,,,,,,,,,,,,,,,,,,,1,,,,,,,,,,,,,,,,,,,,,,,,,,,0,0,,,9,,,174,,,,,,,,,0,1,,,,,,,,,,,,,,,,,,,,,,,,,6223
322291,,,,,,,,,,,,,,,,,,,,,,,,,,,,,,,,,,,,,,,,,,,,,,,,,,,,,,,,,,,,,,,,,,,,,,,,,,,,,,,,,,,,,,,,,,,,,,,,,,,,,,,,,,,,,,,,,,,,,,,,,,,,,,,,,,,,,,,,,,,,,,,,,,,,,,,,,,,,,,,1,,,,,,,,,,,,,,,,,,0,,,,,,,,,,,,,,,,,,3,,,,,,,,,,,,,,,,,,,,,,,3,1,,,,,,,,,0,,,,12030
322299,,,,,,,,,,,,2,,,19,1,,,,,,,,,,,,,,,,,,,,1,,,,,2,,,,,,,,,,,,,,,,,,,,,,,,,,,,2,,,,,,,,,,,,,,,,,,,,,,,,,,,,,,,,,,,,,,,,,,4,,,,,,,,,,,,,,,,,,,,,,,,,,,,,,,,,,,,,14,,,,35,19,14,1,,,27,229,135,14,203,70,170,45,47,168,26,128,221,153,14,10,35,57,,,,,,,,,,,,,,13,375,146,86,,,306,6,,,,,16,,,,,,,,,,,,,,,,,,,,,,,,,,,3,,,,4543
323110,,,,5,,,,,,,,,,,,,,,,,,,,,,,,,,,0,,,0,,1,,,,,11,,,,,0,,0,,,2,,,,,,1,,0,0,,2,,,,,1,1,,,,0,,,,,,,,,,,,,,,,,,,,,,,,,,,,,0,,,,2,,0,,,,,,,,,,,,,4,,,,,,,,,,,,,,,,,,,,,,,,,,,,,,,,,,,,,,,2,,36,1,10,,,,1,,,,,,,,,,4,,,,,,,,,,1,,,,,,,,,,621,8,,2,,,,,,,,2,,8,77,16,63,,0,,,71,,,,,,,,,,,,,,64488
323120,,,,,,,,,,,,,,,,,,,,,,,,,,,,,,,,,,,,,,,,,,,,,,,,,,,,,,,,,,,,,,,,,,,,,,,,,,,,,,,,,,,,,,,,,,,,,,,,,,,,,,,,,,,,,,,,,,,,,,,,,,,,,,,,,,,,,,,,,,,,,,,,,,,,,,,,,,,,,,,,,,,,,,,,,,,,,,,,,,,,,,,,,,,,,,,,,,,,,829,42,,,,,,,,,,,,,,,,,,,,,,,,,,,,,,,,,24,4410
324110,126,375,49,133,35,94,96,51,7,11,80,6,7,14,17,10,134,21,7,16,6,6,6,8,13,20,37,11,17,38,29,5,9,10,8,11,98,36,291,9,12,6,6,14,38,18,1,125,16,2,26,4,0,238,6,16,4,7,5,4,7,6,3,4,15,4,8,16,1,3,1,40,6,0,0,5,0,0,0,37,1,1,5,13,0,1,0,0,3,0,2,0,0,1,4,0,2,5,3,4,1,14,0,3,3,4,2,1,29,5,10,4,0,5,20,7,17,18,24,26,12,18,39,40,10,13,14,15,6,0,2,2,27,5,3,7,4,10,23,7,12,10,1,0,4,3,11,0,1,10,33,14,18,9,25,2,12,28,67,26,39,22,23,30,3,24,61,21,68,21,33,5,6,10,17,33,29,7,11,49,4,18,16,11,3,8,0,1,75,468,387,445,45,3,14,12,528,4,6068,4357,1510,2338,930,646,62,782,1992,1713,233,39,90,16,82,361,566,162,450,391,278,51,480,49,22,11,31,85,9,97,43,10,,478145
324121,,,,,,,,,,,,,,,,,,,,,,,,,,,,,,,,,,,,,,,,,,,,,,,,,,,,,,,,,,,,,,,,,16,,,,,,,,,,,,,,,,,,,,,,,,,,,,,,,,,,,,,,,,,,,,,,,,,,,,,37,,33,,,,,,,,,,,,,,,,,,,,,,,,,,,,,,,,,,,,,,,,,,,,,,,,,,,,,,,,,,,,,,,,,,,,,,,,,,,,,,,,217,,,,,,,,,,,,,,,,,,,,,,,,,,,,61,,,,13168
324122,,,,1,,,,,,,,,,,,,,,,,,,,,,,,,,,,,,,,,,,,,,,,,,,,,,,,,,,,,,,,,,,,,,,,,,,,,,,,,,,,,,,,,,,,,,,,,,,,,,,,,,,,,,,,,,,,,,,,,,,,,,,,,,,,,,,,,,,,,,,,,,,,,,,,,,,,,,,,,,,,,,,,,,,,,,,,,,,,,,,,,,,,,,,,,,,,,,,,,,,,1,399,,,,,,,,,,,,,,,,,,,,,,,,,,,,,,20,10571
324190,37,,13,202,7,26,13,11,2,5,11,3,2,2,6,5,696,78,34,75,24,15,24,34,40,,2,9,6,5,77,4,3,5,23,3,12,23,10,7,38,0,,2,14,,,0,,2,2,6,0,7,7,14,3,0,0,,,,,,13,6,14,,,,,14,115,2,,1,1,8,7,2,10,13,,7,0,3,5,10,17,,24,0,0,1,47,17,19,32,9,8,1,4,1,,,355,4,1,9,7,8,,,,9,32,29,19,20,52,2,19,2,30,,,,0,,,,,28,4,6,7,48,22,50,17,109,84,97,2,,0,30,12,6,127,226,17,4,,0,3,5,65,219,51,55,54,143,100,121,3,1,4,118,78,204,,37,35,27,303,48,4,9,72,1,1,2,,,0,,2,1,11,32,2,,,,,2,,1484,72,,23,20,10,134,435,489,46,11,,0,,,,4,,51,95,42,,52,82,18,5,13,6,45,61,6,10,4,27852
325110,,,,,3,2,,1,,,,5,,,4,4,3,2,,,,3,1,,0,,,,1,,3,,,,,,2,,8,,,,,0,,1,,,,,,,4,,,,,,,,,,,,,,,,,,,4,,,,,,,,1,0,1,,,,,,,,,,,,,,,,,,,,,,1,,,,,,,3,,,,2,1,5,,1,3,5,,,,,3,,6,,,0,,,,,,,,,,,,2,,1,,0,,5,,1,,,,,,,,,,,,,,,,,,,,,,,,,,,,,4,,7,,,,,,0,42,23,27,,2,,,,,,13333,,,1815,11223,70,10,475,16407,12021,2111,17,18,71,35,,26,482,157,60,48,1,1630,65,42,7,5,31,3,395,9,1,6,63437
325120,,,,,11,33,4,4,,,6,9,,,17,14,604,70,15,,,10,1,1,3,,,,,6,7,3,1,,,5,11,,112,,1,,,,,3,,3,4,,2,,1,,,2,8,,0,,,,,,,,1,3,,,,12,,,,,,,,71,0,16,,,,,,,,,,,,9,,,,,,,,13,9,0,,,,,,0,,,,,1,,1,,2,8,8,,,71,,1,1,3,,,0,,,,,,,,,,,2,3,,3,,7,,7,,3,,,,,,,,,,,,,,,,,,,,,,,,,,,,,11,,,,,,,,,10,14,17,,2,,,,,,,,,,26,47,22,235,319,35,13,1,4,248,61,,27,10,74,,,,158,29,29,18,12,57,,39,11,,33,9709
325130,,,,8,6,18,1,5,,,0,5,6,,9,6,,,,,,,,,0,,,,,,,,,0,,,2,,,,,,,,,,,10,,6,22,,,0,,,,,,,,,,,,,,,,,,6,,,,,,,,,,,,,,,,,,,,,,0,,,,,,,,58,5,,,,,,,,,,,,1,1,3,,0,5,6,,,5,,,,,,,0,,,,,,,,,,,,3,,3,,4,,65,,24,,,,,,,,,,,,,,,,,,,,,,,,,,,,,5,3,63,202,169,,1,0,0,16,80,81,,132,,,,,,,,,3,2,,6,3,155,34,110,,0,,,,7,1297,1,19,34,620,288,66,63,6,5,3,36,422,46,3,322,6678
325180,170,,,,13,757,5,127,,,8,39,61,,41,14,75,63,75,,,9,2,0,0,,,,3,4,13,2,1,2,,1,2,,45,,,,,1,,,,,,,,,2,,,,,,,,,,,,,,,,,,,11,,,,,,1,,412,71,112,,,,,,,,,,,,3,,,,,,,,122,9,9,,,,,,1,,,,,5,3,21,,2,22,41,,,,,10,,,,,2,,,,,,,,,,,8,8,,11,,7,,26,,,32,1097,,,,,,,,,,,,,,,,,,,,,,,,,,,10,,92,,,,,,0,397,894,835,,198,2,,13,,,1062,11,,153,45,156,142,2472,1222,1317,209,1,2,5,1,563,347,34,250,956,20,127,2132,238,115,105,253,1458,,661,582,28,679,33613
325190,92,15,8,10,28,106,5,330,2,6,11,28,87,53,136,12,99,63,0,44,,79,14,8,2,2,5,2,4,23,396,8,6,13,6,3,10,9,132,1,16,3,1,96,,9,3,34,14,1,17,1,8,3,1,80,1,3,8,3,2,16,1,1,5,3,11,19,0,1,,36,7,1,0,0,1,16,2,12,2,7,91,10,0,2,2,,5,3,10,0,0,1,2,1,,1,0,1,0,2,1,23,15,126,2,14,87,8,9,1,6,122,55,15,140,4,12,44,121,18,0,,31,83,2,30,11,,1,2,7,6,1,4,4,5,8,5,43,35,76,0,20,0,14,1,177,18,29,2,6,1,188,0,6,4,922,5,2,17,22,17,5,7,22,0,64,46,40,26,84,41,135,180,6,1,4,31,1,103,81,,1,2,0,3,133,679,467,50,200,6,14,16,1290,4,11069,143,41,189,6885,441,407,272,11009,19672,1231,304,899,602,486,1,4898,2489,1059,1409,1733,70,2031,1197,128,54,61,334,797,624,1021,111,292,117608
325211,,790,,36,1,1169,6,,,,,3,1,,29,41,1,3,,,,,11,,,,1,24,199,,,,,1,31,,,,105,36,,,18,109,55,,,,,,,1,102,28,,112,,,,,,,,,,,,,,,,1,,,,,1,9,2,3,4,123,,19,1,12,10,13,9,,14,,6,,15,80,198,,8,39,14,101,3,484,205,,,,,0,,,3,172,212,284,67,366,86,915,160,,,,,,,,196,,4,,,10,4,66,69,141,96,,700,177,,410,,,141,106,4,166,439,,,,,,,,,,,13,44,410,8,,,,,,,,,,,,,,,1,,863,153,,,169,,24,,,178,5,592,2,572,,,,,,,,22,,2,,165,9577,1916,,,,,,,2279,1029,,,261,2618,11892,6394,569,2514,698,3461,19874,64,139,876,88537
3252A0,,,161,1,4,29,,,,,,8,9,,46,2,261,4,,,,23,,,,,1,1,,,,,,4,,,,,59,,,,,14,,,,,,,,,,105,,,,,,,,,,,,,,,,,,139,,,,,,,,,,,6,134,,,,,,23,,,,,,,,,,,,,,6,,,,,,,,,,,15,10,40,569,7,85,46,,,,,30,,,,,1,15,,,,,,,,,854,476,3,10,1,,40,,9,,641,,,,,,,,,,,,,,,,,,,,,,,,,,,,,529,2179,2542,163,3185,257,826,2,3,,8,,,100,15,,88,,,,3,,,,,,,27,15,97,,,,,,,117,816,,,,92,110,44,40,819,164,,115,1802,305,,19890
325411,,,,,,,,,,,,,,,,,,,,,,,,,,,,,,,,,,,,,,,,,,,,,,,,,,,,,,,,,,,,,,,,,,,,,,,,,,,,,,,,,,,,,,,,,,,,,,,,,,,,,,,,,,,,,,,,,,,,,,,,,,,,,,,,,,,,,,,,,,,,,,,,,,,,,,,,62,485,,,,,2,,,,,,,,,,,,,,,,,,,,,,,,,,,,,,,,,,,,,,,,,,,,,,,,,,,,470,5049,11,11,,,,,,,,,,,,,,,,,,,11136
325412,,,,,,,,,,,,,,,,,,,,,,,,,,,,,,,,,,,,,,,,,,,,,,,,,,,,,,,,,,,,,,,,,,,,,,,,,,,,,,,,,,,,,,,,,,,,,,,,,,,,,,,,,,,,,,,,,,,,,,,,,,,,,,,,,,,,,,,,,,,,,,,,,,,,,,,,,,,,,,32,,,,,,,,,,,,,,,,,,,,,,,,,,,,,,,,,,,,,,,,,,,,,,,,,,,,9,986,13,389,,,,,,,,,,,,,,,,,,,152158
325413,,,,,,,,,,,,,,,,,,,,,,,,,,,,,,,,,,,,,,,,,,,,,,,,,,,,,,,,,,,,,,,,,,,,,,,,0,,,,,,,,,,,,,,,,,,,,,,,,,,,,,,,,,,,,,,,,,,,,,,,,,,,,,,,,,,,,,,,,,,,,,,,,,0,,,,,,,,,,,,,0,,,,,,,,,,,,,,,,,,,,,,0,,,,,,,,,,,,,,,,,,,,,,,,,,,,,,0,7,9,1,,,,,,,,,,,,,,,,,,,13372
325414,,,,238,,,,,,,,,,,,,,,,,,,,,,,,,,,,,,,,,,,,,,,,,,,,,,,,,,,,,,,,,,,,,,,,,,,,,,,,,,,,,,,,,,,,,,,,,,,,,,,,,,,,,,,,,,,,,,,,,,,,,,,,,,,,,,,,,,,,,,,,,,,,,,,,,,,,,,,,,,7,,,,,,,,,,,,,,,,,,,,,,,,,,,,,,,,,,,,,,,,,,,,,,,,,,,,2718,29485,3341,5454,,,,,,,,,,,,,,,,,,,31287
325310,,,,,2,7,,,,,,1,,,8,3,3,3,0,,,1,,,,,,,,,,,,1,,,,,5,,,,,,,,,,,,,,0,,,,,,,,,,,,,,,,,,,3,,,,,,,,,,,,,,,,,,,,,,0,,,,,,,,1,1,,,,,,,,,,,,1,1,3,,1,2,4,,,,,1,,,,,0,,,,,,,,,,,,,,,,1,,2,,,,,,,,,,,,,,,,,,,,,,,,,,,,,,,3,,0,,,,,,0,,,,,4,,,,,,3,,,8,60,11,7,325,682,48,2,,1,,,2601,18,5,15,50,,,265,12,6,5,2,7,,5,6,1,,17142
325320,,,,,,,,,,,,,,,,,,,,,,,,,,,,,,,,,,,,,,,,,,,,,,,,,,,,,,,,,,,,,,,,,,,,,,,,,,,,,,,,,,,,,,,,,,,,,,,,,,,,,,,,,,,,,,,,,,,,,,,,,,,,,,,,,,,,,,,,,,,,,,,,,,,,,,,,,,,,,,,,,,,,,,,,,,,,,,,,,,,,,,,,,,,,,,,,,,,,,,,,,,,,,,,,,,,,,,,10,,,,,,,,,,,,,,,,,15045
325510,,48,16,70,47,,,,49,92,,0,,,2,11,1,,0,,,,,,0,62,36,111,2,165,160,13,82,275,38,,234,,781,,,,,0,0,146,216,126,42,,,,,7,112,50,51,,,119,,,,,95,72,177,24,,,,44,70,,,,,,,,,0,143,71,,,,,,,,,,,48,47,489,58,26,46,,,,13,,,,209,1853,191,210,143,13,325,19,9,127,360,98,635,174,126,0,55,,56,39,214,155,,,90,486,27,122,168,21,154,482,,,,,,,1,267,,8,217,378,,,,,,,,,,,,,,,,,,,,,,,,,,,,,9,,,,,,,,,,2,2,142,29,,,,27,,,,,,3,2,8,3,33,5,,,,,,,,403,,6,70,481,2,,,,,,,48,,,,27121
325520,64,845,403,7,0,22,,,,,,40,,,63,3,5,6,1,,,5,1,,,,,,1,,1,,,39,,,,,15,,,,,0,43,,,,,,,,1,8,,,,,,,,,,,93,,,,,,,3,,,,,,4,2,1,14,9,216,7,,,,,,,,1,,1,,,,,,,,7,2,1,,,,11,1973,9,,,,,4,5,15,88,1,18,21,,,,,7,,,,,0,,63,21,56,7,,15,70,,152,276,3,2,2,,2,,11,,,,,,,,,2,1,3,3,5,,3,7,,,,,8,18,,,,1,20,2,,,2,,200,34,,,7,,3,30,186,73,796,1273,68,197,28,307,2,5,,,22,7,,34,80,375,31,14,,5,,,,44,13,219,132,3,,476,255,44,43,11,107,,35,13,2,3,15213
325610,1,3,1,54,1,18,1,1,1,1,2,2,3,1,1,0,1,2,1,1,2,1,1,0,2,1,3,1,2,1,1,2,1,1,3,1,1,2,2,1,1,1,1,4,1,1,1,1,2,1,3,1,1,2,1,2,1,1,1,1,1,2,1,1,2,1,1,1,1,1,1,11,1,1,0,0,1,5,1,3,1,3,0,19,0,1,1,3,1,1,3,1,0,0,3,1,2,2,1,1,1,1,1,0,2,1,0,1,1,1,2,1,1,2,1,1,3,1,1,3,4,2,0,1,1,1,1,2,2,1,0,1,3,1,1,1,1,1,4,3,11,7,1,2,1,1,3,1,1,10,6,2,1,2,1,0,0,32,47,11,8,37,11,34,54,0,1,2,30,31,80,1,10,1,10,36,6,0,0,15,1,97,2,2,1,3,6,78,2,2,1,4,2,1,1,1,3,0,7,20,1,4,2,1,1,1,9,6,2,1,1,0,0,6,103,1,5,3233,535,1,83,45,2,1,4,4,7,9,1,1,,36904
325620,,,,,,,,,,,,,,,,,,,,,,,,,,,,,,,,,,,,,,,,,,,,,,,,,,,,,,,,,,,,,,,,,,,,,,,,,,,,,,,,,,,,,,,,,,,,,,,,,,,,,,,,,,,,,,,,,,,,,,,,,,,,,,,,,,,,,,,,,,,,,,,,,,,,,,,,,,,,,,,,,,,,,,,,,,,,,,,,,,,,,,,,,,,,,,,,,,,,,,,,,,,,,,,,,,,,,,,,,,212,729,,,,,,,,,,,,,37955
325910,,,,,,,,,,,,,,,,,,,,,,,,,,,,,,,13,,,38,,,11,,,,,,,,,,,,,,,,,,,,,,,,,,,,,,,,,,,1,,,,,,,,,,,,,,,,,,,,,,,,,,,,,,,,,,,,,,,,,,,,,,,,,,,,,,,,,,,,,,,,,,,,,,,,,,,,,,58,,,,,,,,,,,,,,,,,,,,,,,,,,,,,,1,,,,,,,,,,10,,262,188,31,,3,2220,17,,,,,,,,,,,,,,,,,,,,,,47,,253,,,,,,,,,54,4286
3259A0,41,43,17,60,4,32,6,20,3,6,2,5,10,7,21,5,55,4,3,16,13,15,6,29,1,8,59,4,6,385,1101,170,64,2,17,25,146,28,506,3,40,6,4,109,0,11,8,17,35,11,79,58,6,18,3,29,3,11,33,10,22,49,3,6,13,9,25,66,1,6,1,37,26,8,3,2,12,25,6,32,125,185,23,31,0,5,6,14,197,10,154,1,0,2,7,4,8,6,1,3,4,8,2,13,48,34,10,15,94,18,12,2,0,14,4,11,12,94,173,19,17,576,1,20,17,23,3,19,12,,0,4,17,13,2,8,8,10,19,6,67,60,6,1,2,1,3,2,12,44,35,15,,,,,12,2,100,56,276,,148,8,,56,78,0,142,115,332,,0,439,92,314,15,3,9,11,1,3,5,4,3,6,1,1,16,103,208,141,51,7,19,12,459,20,922,18,12,2530,25,22,134,477,957,182,133,68,106,3,240,3,59,72,158,302,427,6,2325,209,249,51,40,159,39,1194,17,2,154,40929
326110,42,18,38,34,,483,,,,,,3,,,67,5,166,,1,32,,16,13,29,,,1,27,74,88,60,29,18,,22,80,58,47,70,,82,,,,67,,,53,47,20,166,39,1,559,3,251,12,13,35,16,23,,1,11,53,11,39,108,35,7,,99,,13,2,3,15,47,8,311,11,62,1075,43,,,19,,31,5,,2,8,0,129,37,373,6,16,83,61,20,23,12,166,25,20,36,662,113,19,9,1,35,90,86,64,415,165,501,79,,,15,,,,34,143,,,472,40,43,,,25,,,162,248,283,90,120,,,104,7,211,275,249,147,65,58,9,1,,61,354,241,96,108,50,254,39,159,601,34,345,326,447,22,11,218,199,,34,,,,0,5,92,,18,74,0,7,20,336,19,112,1000,153,457,48,1448,13,46,2,43,,,4,20,33,116,105,15,,29,8,8,12,,,,36,,,340,2867,402,380,174,460,535,3029,117,11,17,40136
326120,,,6,260,,1,,,,,,,,,7,2,,,,18,,,,,,,,2,7,,51,,,,4,16,66,3,,,18,,,,6,,,,12,1,13,16,1,53,,22,4,1,3,,8,,,,77,2,8,31,,1,,13,,,,37,1,,,37,,,120,26,,,,,,0,,0,2,4,12,5,49,1,1,10,6,2,2,1,18,8,1,8,168,4,,,0,4,10,11,9,58,9,97,8,,,,,,,208,15,,,55,,,,,,,,19,33,36,,9,,,9,1,14,35,60,,,,,,,,13,,,2,8,17,0,29,,,,,,,,,,,,,,,,,9,,0,9,,7,,17,,,88,20,19,4,363,,33,11,,,,17,,145,1022,100,4,,,,,,,,,,318,,10,142,216,46,18,250,64,699,22,,9,17757
326130,,,3,4,,0,,,,,,,,,5,2,,,,,,,,,,,21,2,5,,4,,,,2,6,179,11,,26,11,,31,12,4,3,8,6,7,11,53,,0,40,,15,3,,,,,,,,6,11,32,42,12,,,1,,,,,,,,,3,14,85,61,,51,,,,0,,0,2,,17,3,33,,1,7,4,7,4,1,12,,,3,62,2,,,0,6,4,10,5,34,7,28,5,5,,7,,,,41,10,,0,39,308,3,7,58,8,74,161,13,60,52,16,6,9,,6,1,10,24,39,,,,,,,,1,,,2,1,12,1,,,,,,,,,,,,,,,68,,4,8,,1,6,,2,,12,,,54,13,14,3,1,3,,,,,,,,,,9,,,,,,,,,,,,,10,36,34,103,13,38,46,630,10,,2,4529
326140,,,,,,0,,,,,,,,,,,,,,,,,,,,,,,,,2,,,,1,5,,,,,3,,,,,,,,2,,0,,,,,,1,,,,,,,,,1,4,,,,,,,,,,,,,,,,,,,,,,,,,,,,,,2,,,,,,,,,,,8,97,1,0,1,,,2,2,,,,5,2,,,,,,,,,,,,,,,,,,,,4,6,,,,,,,,,2,,,,,3,,1,10,,4,1,7,35,4,,,0,,,1,,1,,,1,,,,,,,,,,,0,2,,,,5,,,,,,,,,,18,,,,,1,,,57,131,59,96,,5,8,,116,,,10,,,,9,7,,13,4,,4,8934
326150,,,,23,,0,,,,,,,,,,,,,,,,,,,,,,,,,,,,,2,10,,,,,5,,,,,,,,3,,0,,,0,,,,,,,,,,,,0,5,,,,,,,,,0,1,8,0,0,1,1,,4,,,,,,,,0,,,,,3,,,,,,,,,,,42,261,3,4,0,,,3,2,1,601,,5,2,,,,,,,,,,,,,340,38,19,44,23,63,976,4,24,,5,,,,,,,3,,,,,,,,16,,2,,9,,,,,,,,,,,,,,,,,,,,,13,,,0,4,,,,10,,,,,,,,,,,,,,,,,,,4,2,,,,,,,,,,,,,,133,,134,6,,,10600
326160,,,,,,,,,,,,3,,,,,,,,,,,,,,,,,,,,,,,,1,,,,,,,,,,,,,,,,,,,,,,,,,,,,,,,,,,,,,,,,,,,,,,,,,,,,,,,,,,,,,,,,,,,,,,,,,,,,,,,,,,,,,,,,,,,,,,,,,,,,,,,,,,,,,,,,,,,,,,,,35,,1,47,,,142,216,280,71,,,2,,,1110,944,1,1836,50,3435,,,54,,,,,,,,,,,,,40,,,,,,,6,,,122,,3,,,13,,,2,87,11,31,,124,153,213,534,1116,,134,,,,,,26,,,,124,11115
326190,1,2,4,435,5,5,0,28,31,268,,9,4,0,3,22,68,34,0,0,11,0,5,9,7,2,0,15,27,12,7,10,6,4,11,30,20,13,27,120,33,5,0,108,12,321,79,170,170,7,39,10,4,121,53,459,23,191,13,15,25,1,0,0,1008,160,451,15,116,0,,122,1,1,1,44,2,33,43,3,33,130,3,47,18,18,12,12,154,0,204,18,53,0,47,89,357,7,4,0,8,159,14,1,8,0,3,330,896,186,114,165,4,104,205,558,610,280,939,1276,187,1444,1,719,25,0,2,123,0,,3,0,96,49,23,36,36,38,141,6,674,193,80,260,70,3,7,5,19,772,91,3,14,1,13,15,28,12,74,13,13,31,45,274,23,348,118,4,26,24,808,2005,47,912,665,258,11,1,0,16,2,2,3,6,0,0,0,18,,74,4,67,15,1,15,4,451,0,47,7,0,99,0,1,6,32,62,684,8,39,383,65,138,0,28,914,21,477,1099,0,158,45,5,0,14,9,1,5101,51,4,,98254
326210,4,,53,29,,,0,2,0,0,,,,,,0,1,,,,,,,0,,,,,,,,,,,,,0,,,,,,,,,408,232,288,15,,,,,,,0,,,,,,,,,,,,50,,,,,,,,,,,,,,,,,,,,,,,,,,,,,,,,,,,,,,,,300,2701,208,37,509,0,98,0,,1,,,1,0,0,,,,,,0,,60,,595,0,,,,,0,0,,,,,,,,,,,,,,0,,,,0,,,,2,0,1,0,,0,,,13,9,,,7,1,,21,2,,3,,,,,0,,,,,,1,1,1,,,,,1,,,,,,,,,0,0,,,,,,,,,0,,,,,,,,,,,,,189,,7,18847
326220,,,,,,,,,,,,48,,,,,,,,,,,,7,,,,,,,,,,,3,7,40,,,,197,,,,21,328,155,270,36,,,,,1,,43,9,,,,,282,,,98,1,9,709,,,,11,,,,,,,,,,,3,2,,,,,,,,,,,,17,136,,,,,,,,,,,119,762,65,257,,,,30,44,4,,43,698,26,,,,,,28,,,,,,,,,,,,,,,,,,,,,,,,,,,,,,,,12,,,,7,,,,,,,,,,,,,,,,,,,,,,,,,14,,101,,,,,,,223,,,,,,,6,,,,7,,,,,,,,99,,,133,,,,,,,115,,,8,8,1547,5931
326290,,,,4,3,3,2,,7,55,1,5,,,8,5,,,,,,,,,49,,,,,,,,,,11,20,15,,,,61,,,,7,516,6,486,6,,27,2,,39,1,,2,1,5,4,3,24,1,2,58,8,51,23,1,1,,14,13,,,,,,,,,,,,,,,,,,,,,,,,42,,,,,,,,,,,177,411,168,157,71,11,425,101,0,172,206,,1022,148,,13,,,24,29,58,57,,,115,,20,1,,,,137,156,32,189,,,,,,,4,,21,,,,,,,,34,,,,20,,,3,,,,,,,,,,,,,,,,40,,33,,,,25,,,,,,,,,151,,,2,,,,,,,,34,,,,,,,,,,,116,,,,,,,16,,,520,247,,17350
